key,time,count
,0C9V6TR0000000,388
41_850099098_ _87_678237962,0C9V6TR0000000,388
87_678237962,0C9V6TR0000000,388
EXTRA_FIELD_10,0C9V6TR0000000,388
EXTRA_FIELD_11,0C9V6TR0000000,388
EXTRA_FIELD_12,0C9V6TR0000000,388
EXTRA_FIELD_13,0C9V6TR0000000,388
EXTRA_FIELD_14,0C9V6TR0000000,388
EXTRA_FIELD_15,0C9V6TR0000000,388
EXTRA_FIELD_16,0C9V6TR0000000,388
EXTRA_FIELD_17,0C9V6TR0000000,388
EXTRA_FIELD_18,0C9V6TR0000000,388
EXTRA_FIELD_19,0C9V6TR0000000,388
EXTRA_FIELD_20,0C9V6TR0000000,388
EXTRA_FIELD_21,0C9V6TR0000000,388
EXTRA_FIELD_22,0C9V6TR0000000,388
EXTRA_FIELD_3,0C9V6TR0000000,388
EXTRA_FIELD_4,0C9V6TR0000000,388
EXTRA_FIELD_5,0C9V6TR0000000,388
EXTRA_FIELD_6,0C9V6TR0000000,388
EXTRA_FIELD_7,0C9V6TR0000000,388
EXTRA_FIELD_8,0C9V6TR0000000,388
EXTRA_FIELD_9,0C9V6TR0000000,388
date_hour,0C9V6TR0000000,388
date_mday,0C9V6TR0000000,388
date_minute,0C9V6TR0000000,388
date_month,0C9V6TR0000000,388
date_second,0C9V6TR0000000,388
date_wday,0C9V6TR0000000,388
date_year,0C9V6TR0000000,388
date_zone,0C9V6TR0000000,388
host,0C9V6TR0000000,388
linecount,0C9V6TR0000000,388
punct,0C9V6TR0000000,388
source,0C9V6TR0000000,388
sourcetype,0C9V6TR0000000,388
timeendpos,0C9V6TR0000000,388
timestartpos,0C9V6TR0000000,388
,0CA1OLF0000000,93
41_850099098_ _87_678237962,0CA1OLF0000000,93
87_678237962,0CA1OLF0000000,93
EXTRA_FIELD_10,0CA1OLF0000000,93
EXTRA_FIELD_11,0CA1OLF0000000,93
EXTRA_FIELD_12,0CA1OLF0000000,93
EXTRA_FIELD_13,0CA1OLF0000000,93
EXTRA_FIELD_14,0CA1OLF0000000,93
EXTRA_FIELD_15,0CA1OLF0000000,93
EXTRA_FIELD_16,0CA1OLF0000000,93
EXTRA_FIELD_17,0CA1OLF0000000,93
EXTRA_FIELD_18,0CA1OLF0000000,93
EXTRA_FIELD_19,0CA1OLF0000000,93
EXTRA_FIELD_20,0CA1OLF0000000,93
EXTRA_FIELD_21,0CA1OLF0000000,93
EXTRA_FIELD_22,0CA1OLF0000000,93
EXTRA_FIELD_3,0CA1OLF0000000,93
EXTRA_FIELD_4,0CA1OLF0000000,93
EXTRA_FIELD_5,0CA1OLF0000000,93
EXTRA_FIELD_6,0CA1OLF0000000,93
EXTRA_FIELD_7,0CA1OLF0000000,93
EXTRA_FIELD_8,0CA1OLF0000000,93
EXTRA_FIELD_9,0CA1OLF0000000,93
date_hour,0CA1OLF0000000,93
date_mday,0CA1OLF0000000,93
date_minute,0CA1OLF0000000,93
date_month,0CA1OLF0000000,93
date_second,0CA1OLF0000000,93
date_wday,0CA1OLF0000000,93
date_year,0CA1OLF0000000,93
date_zone,0CA1OLF0000000,93
host,0CA1OLF0000000,93
linecount,0CA1OLF0000000,93
punct,0CA1OLF0000000,93
source,0CA1OLF0000000,93
sourcetype,0CA1OLF0000000,93
timeendpos,0CA1OLF0000000,93
timestartpos,0CA1OLF0000000,93
,0CA4AD30000000,83
41_850099098_ _87_678237962,0CA4AD30000000,83
87_678237962,0CA4AD30000000,83
EXTRA_FIELD_10,0CA4AD30000000,83
EXTRA_FIELD_11,0CA4AD30000000,83
EXTRA_FIELD_12,0CA4AD30000000,83
EXTRA_FIELD_13,0CA4AD30000000,83
EXTRA_FIELD_14,0CA4AD30000000,83
EXTRA_FIELD_15,0CA4AD30000000,83
EXTRA_FIELD_16,0CA4AD30000000,83
EXTRA_FIELD_17,0CA4AD30000000,83
EXTRA_FIELD_18,0CA4AD30000000,83
EXTRA_FIELD_19,0CA4AD30000000,83
EXTRA_FIELD_20,0CA4AD30000000,83
EXTRA_FIELD_21,0CA4AD30000000,83
EXTRA_FIELD_22,0CA4AD30000000,83
EXTRA_FIELD_3,0CA4AD30000000,83
EXTRA_FIELD_4,0CA4AD30000000,83
EXTRA_FIELD_5,0CA4AD30000000,83
EXTRA_FIELD_6,0CA4AD30000000,83
EXTRA_FIELD_7,0CA4AD30000000,83
EXTRA_FIELD_8,0CA4AD30000000,83
EXTRA_FIELD_9,0CA4AD30000000,83
date_hour,0CA4AD30000000,83
date_mday,0CA4AD30000000,83
date_minute,0CA4AD30000000,83
date_month,0CA4AD30000000,83
date_second,0CA4AD30000000,83
date_wday,0CA4AD30000000,83
date_year,0CA4AD30000000,83
date_zone,0CA4AD30000000,83
host,0CA4AD30000000,83
linecount,0CA4AD30000000,83
punct,0CA4AD30000000,83
source,0CA4AD30000000,83
sourcetype,0CA4AD30000000,83
timeendpos,0CA4AD30000000,83
timestartpos,0CA4AD30000000,83
,0CA6MRV0000000,91
41_850099098_ _87_678237962,0CA6MRV0000000,91
87_678237962,0CA6MRV0000000,91
EXTRA_FIELD_10,0CA6MRV0000000,91
EXTRA_FIELD_11,0CA6MRV0000000,91
EXTRA_FIELD_12,0CA6MRV0000000,91
EXTRA_FIELD_13,0CA6MRV0000000,91
EXTRA_FIELD_14,0CA6MRV0000000,91
EXTRA_FIELD_15,0CA6MRV0000000,91
EXTRA_FIELD_16,0CA6MRV0000000,91
EXTRA_FIELD_17,0CA6MRV0000000,91
EXTRA_FIELD_18,0CA6MRV0000000,91
EXTRA_FIELD_19,0CA6MRV0000000,91
EXTRA_FIELD_20,0CA6MRV0000000,91
EXTRA_FIELD_21,0CA6MRV0000000,91
EXTRA_FIELD_22,0CA6MRV0000000,91
EXTRA_FIELD_3,0CA6MRV0000000,91
EXTRA_FIELD_4,0CA6MRV0000000,91
EXTRA_FIELD_5,0CA6MRV0000000,91
EXTRA_FIELD_6,0CA6MRV0000000,91
EXTRA_FIELD_7,0CA6MRV0000000,91
EXTRA_FIELD_8,0CA6MRV0000000,91
EXTRA_FIELD_9,0CA6MRV0000000,91
date_hour,0CA6MRV0000000,91
date_mday,0CA6MRV0000000,91
date_minute,0CA6MRV0000000,91
date_month,0CA6MRV0000000,91
date_second,0CA6MRV0000000,91
date_wday,0CA6MRV0000000,91
date_year,0CA6MRV0000000,91
date_zone,0CA6MRV0000000,91
host,0CA6MRV0000000,91
linecount,0CA6MRV0000000,91
punct,0CA6MRV0000000,91
source,0CA6MRV0000000,91
sourcetype,0CA6MRV0000000,91
timeendpos,0CA6MRV0000000,91
timestartpos,0CA6MRV0000000,91
,0CA98G2G000000,83
41_850099098_ _87_678237962,0CA98G2G000000,83
87_678237962,0CA98G2G000000,83
EXTRA_FIELD_10,0CA98G2G000000,83
EXTRA_FIELD_11,0CA98G2G000000,83
EXTRA_FIELD_12,0CA98G2G000000,83
EXTRA_FIELD_13,0CA98G2G000000,83
EXTRA_FIELD_14,0CA98G2G000000,83
EXTRA_FIELD_15,0CA98G2G000000,83
EXTRA_FIELD_16,0CA98G2G000000,83
EXTRA_FIELD_17,0CA98G2G000000,83
EXTRA_FIELD_18,0CA98G2G000000,83
EXTRA_FIELD_19,0CA98G2G000000,83
EXTRA_FIELD_20,0CA98G2G000000,83
EXTRA_FIELD_21,0CA98G2G000000,83
EXTRA_FIELD_22,0CA98G2G000000,83
EXTRA_FIELD_3,0CA98G2G000000,83
EXTRA_FIELD_4,0CA98G2G000000,83
EXTRA_FIELD_5,0CA98G2G000000,83
EXTRA_FIELD_6,0CA98G2G000000,83
EXTRA_FIELD_7,0CA98G2G000000,83
EXTRA_FIELD_8,0CA98G2G000000,83
EXTRA_FIELD_9,0CA98G2G000000,83
date_hour,0CA98G2G000000,83
date_mday,0CA98G2G000000,83
date_minute,0CA98G2G000000,83
date_month,0CA98G2G000000,83
date_second,0CA98G2G000000,83
date_wday,0CA98G2G000000,83
date_year,0CA98G2G000000,83
date_zone,0CA98G2G000000,83
host,0CA98G2G000000,83
linecount,0CA98G2G000000,83
punct,0CA98G2G000000,83
source,0CA98G2G000000,83
sourcetype,0CA98G2G000000,83
timeendpos,0CA98G2G000000,83
timestartpos,0CA98G2G000000,83
,0CABNJAG000000,108
41_850099098_ _87_678237962,0CABNJAG000000,108
87_678237962,0CABNJAG000000,108
EXTRA_FIELD_10,0CABNJAG000000,108
EXTRA_FIELD_11,0CABNJAG000000,108
EXTRA_FIELD_12,0CABNJAG000000,108
EXTRA_FIELD_13,0CABNJAG000000,108
EXTRA_FIELD_14,0CABNJAG000000,108
EXTRA_FIELD_15,0CABNJAG000000,108
EXTRA_FIELD_16,0CABNJAG000000,108
EXTRA_FIELD_17,0CABNJAG000000,108
EXTRA_FIELD_18,0CABNJAG000000,108
EXTRA_FIELD_19,0CABNJAG000000,108
EXTRA_FIELD_20,0CABNJAG000000,108
EXTRA_FIELD_21,0CABNJAG000000,108
EXTRA_FIELD_22,0CABNJAG000000,108
EXTRA_FIELD_3,0CABNJAG000000,108
EXTRA_FIELD_4,0CABNJAG000000,108
EXTRA_FIELD_5,0CABNJAG000000,108
EXTRA_FIELD_6,0CABNJAG000000,108
EXTRA_FIELD_7,0CABNJAG000000,108
EXTRA_FIELD_8,0CABNJAG000000,108
EXTRA_FIELD_9,0CABNJAG000000,108
date_hour,0CABNJAG000000,108
date_mday,0CABNJAG000000,108
date_minute,0CABNJAG000000,108
date_month,0CABNJAG000000,108
date_second,0CABNJAG000000,108
date_wday,0CABNJAG000000,108
date_year,0CABNJAG000000,108
date_zone,0CABNJAG000000,108
host,0CABNJAG000000,108
linecount,0CABNJAG000000,108
punct,0CABNJAG000000,108
source,0CABNJAG000000,108
sourcetype,0CABNJAG000000,108
timeendpos,0CABNJAG000000,108
timestartpos,0CABNJAG000000,108
,0CAE9AUG000000,80
41_850099098_ _87_678237962,0CAE9AUG000000,80
87_678237962,0CAE9AUG000000,80
EXTRA_FIELD_10,0CAE9AUG000000,80
EXTRA_FIELD_11,0CAE9AUG000000,80
EXTRA_FIELD_12,0CAE9AUG000000,80
EXTRA_FIELD_13,0CAE9AUG000000,80
EXTRA_FIELD_14,0CAE9AUG000000,80
EXTRA_FIELD_15,0CAE9AUG000000,80
EXTRA_FIELD_16,0CAE9AUG000000,80
EXTRA_FIELD_17,0CAE9AUG000000,80
EXTRA_FIELD_18,0CAE9AUG000000,80
EXTRA_FIELD_19,0CAE9AUG000000,80
EXTRA_FIELD_20,0CAE9AUG000000,80
EXTRA_FIELD_21,0CAE9AUG000000,80
EXTRA_FIELD_22,0CAE9AUG000000,80
EXTRA_FIELD_3,0CAE9AUG000000,80
EXTRA_FIELD_4,0CAE9AUG000000,80
EXTRA_FIELD_5,0CAE9AUG000000,80
EXTRA_FIELD_6,0CAE9AUG000000,80
EXTRA_FIELD_7,0CAE9AUG000000,80
EXTRA_FIELD_8,0CAE9AUG000000,80
EXTRA_FIELD_9,0CAE9AUG000000,80
date_hour,0CAE9AUG000000,80
date_mday,0CAE9AUG000000,80
date_minute,0CAE9AUG000000,80
date_month,0CAE9AUG000000,80
date_second,0CAE9AUG000000,80
date_wday,0CAE9AUG000000,80
date_year,0CAE9AUG000000,80
date_zone,0CAE9AUG000000,80
host,0CAE9AUG000000,80
linecount,0CAE9AUG000000,80
punct,0CAE9AUG000000,80
source,0CAE9AUG000000,80
sourcetype,0CAE9AUG000000,80
timeendpos,0CAE9AUG000000,80
timestartpos,0CAE9AUG000000,80
,0CAGOE6G000000,85
41_850099098_ _87_678237962,0CAGOE6G000000,85
87_678237962,0CAGOE6G000000,85
EXTRA_FIELD_10,0CAGOE6G000000,85
EXTRA_FIELD_11,0CAGOE6G000000,85
EXTRA_FIELD_12,0CAGOE6G000000,85
EXTRA_FIELD_13,0CAGOE6G000000,85
EXTRA_FIELD_14,0CAGOE6G000000,85
EXTRA_FIELD_15,0CAGOE6G000000,85
EXTRA_FIELD_16,0CAGOE6G000000,85
EXTRA_FIELD_17,0CAGOE6G000000,85
EXTRA_FIELD_18,0CAGOE6G000000,85
EXTRA_FIELD_19,0CAGOE6G000000,85
EXTRA_FIELD_20,0CAGOE6G000000,85
EXTRA_FIELD_21,0CAGOE6G000000,85
EXTRA_FIELD_22,0CAGOE6G000000,85
EXTRA_FIELD_3,0CAGOE6G000000,85
EXTRA_FIELD_4,0CAGOE6G000000,85
EXTRA_FIELD_5,0CAGOE6G000000,85
EXTRA_FIELD_6,0CAGOE6G000000,85
EXTRA_FIELD_7,0CAGOE6G000000,85
EXTRA_FIELD_8,0CAGOE6G000000,85
EXTRA_FIELD_9,0CAGOE6G000000,85
date_hour,0CAGOE6G000000,85
date_mday,0CAGOE6G000000,85
date_minute,0CAGOE6G000000,85
date_month,0CAGOE6G000000,85
date_second,0CAGOE6G000000,85
date_wday,0CAGOE6G000000,85
date_year,0CAGOE6G000000,85
date_zone,0CAGOE6G000000,85
host,0CAGOE6G000000,85
linecount,0CAGOE6G000000,85
punct,0CAGOE6G000000,85
source,0CAGOE6G000000,85
sourcetype,0CAGOE6G000000,85
timeendpos,0CAGOE6G000000,85
timestartpos,0CAGOE6G000000,85
,0CAJA5QG000000,95
41_850099098_ _87_678237962,0CAJA5QG000000,95
87_678237962,0CAJA5QG000000,95
EXTRA_FIELD_10,0CAJA5QG000000,95
EXTRA_FIELD_11,0CAJA5QG000000,95
EXTRA_FIELD_12,0CAJA5QG000000,95
EXTRA_FIELD_13,0CAJA5QG000000,95
EXTRA_FIELD_14,0CAJA5QG000000,95
EXTRA_FIELD_15,0CAJA5QG000000,95
EXTRA_FIELD_16,0CAJA5QG000000,95
EXTRA_FIELD_17,0CAJA5QG000000,95
EXTRA_FIELD_18,0CAJA5QG000000,95
EXTRA_FIELD_19,0CAJA5QG000000,95
EXTRA_FIELD_20,0CAJA5QG000000,95
EXTRA_FIELD_21,0CAJA5QG000000,95
EXTRA_FIELD_22,0CAJA5QG000000,95
EXTRA_FIELD_3,0CAJA5QG000000,95
EXTRA_FIELD_4,0CAJA5QG000000,95
EXTRA_FIELD_5,0CAJA5QG000000,95
EXTRA_FIELD_6,0CAJA5QG000000,95
EXTRA_FIELD_7,0CAJA5QG000000,95
EXTRA_FIELD_8,0CAJA5QG000000,95
EXTRA_FIELD_9,0CAJA5QG000000,95
date_hour,0CAJA5QG000000,95
date_mday,0CAJA5QG000000,95
date_minute,0CAJA5QG000000,95
date_month,0CAJA5QG000000,95
date_second,0CAJA5QG000000,95
date_wday,0CAJA5QG000000,95
date_year,0CAJA5QG000000,95
date_zone,0CAJA5QG000000,95
host,0CAJA5QG000000,95
linecount,0CAJA5QG000000,95
punct,0CAJA5QG000000,95
source,0CAJA5QG000000,95
sourcetype,0CAJA5QG000000,95
timeendpos,0CAJA5QG000000,95
timestartpos,0CAJA5QG000000,95
,0CALRTEG000000,73
41_850099098_ _87_678237962,0CALRTEG000000,73
87_678237962,0CALRTEG000000,73
EXTRA_FIELD_10,0CALRTEG000000,73
EXTRA_FIELD_11,0CALRTEG000000,73
EXTRA_FIELD_12,0CALRTEG000000,73
EXTRA_FIELD_13,0CALRTEG000000,73
EXTRA_FIELD_14,0CALRTEG000000,73
EXTRA_FIELD_15,0CALRTEG000000,73
EXTRA_FIELD_16,0CALRTEG000000,73
EXTRA_FIELD_17,0CALRTEG000000,73
EXTRA_FIELD_18,0CALRTEG000000,73
EXTRA_FIELD_19,0CALRTEG000000,73
EXTRA_FIELD_20,0CALRTEG000000,73
EXTRA_FIELD_21,0CALRTEG000000,73
EXTRA_FIELD_22,0CALRTEG000000,73
EXTRA_FIELD_3,0CALRTEG000000,73
EXTRA_FIELD_4,0CALRTEG000000,73
EXTRA_FIELD_5,0CALRTEG000000,73
EXTRA_FIELD_6,0CALRTEG000000,73
EXTRA_FIELD_7,0CALRTEG000000,73
EXTRA_FIELD_8,0CALRTEG000000,73
EXTRA_FIELD_9,0CALRTEG000000,73
date_hour,0CALRTEG000000,73
date_mday,0CALRTEG000000,73
date_minute,0CALRTEG000000,73
date_month,0CALRTEG000000,73
date_second,0CALRTEG000000,73
date_wday,0CALRTEG000000,73
date_year,0CALRTEG000000,73
date_zone,0CALRTEG000000,73
host,0CALRTEG000000,73
linecount,0CALRTEG000000,73
punct,0CALRTEG000000,73
source,0CALRTEG000000,73
sourcetype,0CALRTEG000000,73
timeendpos,0CALRTEG000000,73
timestartpos,0CALRTEG000000,73
,0CAOB0MG000000,79
41_850099098_ _87_678237962,0CAOB0MG000000,79
87_678237962,0CAOB0MG000000,79
EXTRA_FIELD_10,0CAOB0MG000000,79
EXTRA_FIELD_11,0CAOB0MG000000,79
EXTRA_FIELD_12,0CAOB0MG000000,79
EXTRA_FIELD_13,0CAOB0MG000000,79
EXTRA_FIELD_14,0CAOB0MG000000,79
EXTRA_FIELD_15,0CAOB0MG000000,79
EXTRA_FIELD_16,0CAOB0MG000000,79
EXTRA_FIELD_17,0CAOB0MG000000,79
EXTRA_FIELD_18,0CAOB0MG000000,79
EXTRA_FIELD_19,0CAOB0MG000000,79
EXTRA_FIELD_20,0CAOB0MG000000,79
EXTRA_FIELD_21,0CAOB0MG000000,79
EXTRA_FIELD_22,0CAOB0MG000000,79
EXTRA_FIELD_3,0CAOB0MG000000,79
EXTRA_FIELD_4,0CAOB0MG000000,79
EXTRA_FIELD_5,0CAOB0MG000000,79
EXTRA_FIELD_6,0CAOB0MG000000,79
EXTRA_FIELD_7,0CAOB0MG000000,79
EXTRA_FIELD_8,0CAOB0MG000000,79
EXTRA_FIELD_9,0CAOB0MG000000,79
date_hour,0CAOB0MG000000,79
date_mday,0CAOB0MG000000,79
date_minute,0CAOB0MG000000,79
date_month,0CAOB0MG000000,79
date_second,0CAOB0MG000000,79
date_wday,0CAOB0MG000000,79
date_year,0CAOB0MG000000,79
date_zone,0CAOB0MG000000,79
host,0CAOB0MG000000,79
linecount,0CAOB0MG000000,79
punct,0CAOB0MG000000,79
source,0CAOB0MG000000,79
sourcetype,0CAOB0MG000000,79
timeendpos,0CAOB0MG000000,79
timestartpos,0CAOB0MG000000,79
,0CAQSRR0000000,81
41_850099098_ _87_678237962,0CAQSRR0000000,81
87_678237962,0CAQSRR0000000,81
EXTRA_FIELD_10,0CAQSRR0000000,81
EXTRA_FIELD_11,0CAQSRR0000000,81
EXTRA_FIELD_12,0CAQSRR0000000,81
EXTRA_FIELD_13,0CAQSRR0000000,81
EXTRA_FIELD_14,0CAQSRR0000000,81
EXTRA_FIELD_15,0CAQSRR0000000,81
EXTRA_FIELD_16,0CAQSRR0000000,81
EXTRA_FIELD_17,0CAQSRR0000000,81
EXTRA_FIELD_18,0CAQSRR0000000,81
EXTRA_FIELD_19,0CAQSRR0000000,81
EXTRA_FIELD_20,0CAQSRR0000000,81
EXTRA_FIELD_21,0CAQSRR0000000,81
EXTRA_FIELD_22,0CAQSRR0000000,81
EXTRA_FIELD_3,0CAQSRR0000000,81
EXTRA_FIELD_4,0CAQSRR0000000,81
EXTRA_FIELD_5,0CAQSRR0000000,81
EXTRA_FIELD_6,0CAQSRR0000000,81
EXTRA_FIELD_7,0CAQSRR0000000,81
EXTRA_FIELD_8,0CAQSRR0000000,81
EXTRA_FIELD_9,0CAQSRR0000000,81
date_hour,0CAQSRR0000000,81
date_mday,0CAQSRR0000000,81
date_minute,0CAQSRR0000000,81
date_month,0CAQSRR0000000,81
date_second,0CAQSRR0000000,81
date_wday,0CAQSRR0000000,81
date_year,0CAQSRR0000000,81
date_zone,0CAQSRR0000000,81
host,0CAQSRR0000000,81
linecount,0CAQSRR0000000,81
punct,0CAQSRR0000000,81
source,0CAQSRR0000000,81
sourcetype,0CAQSRR0000000,81
timeendpos,0CAQSRR0000000,81
timestartpos,0CAQSRR0000000,81
,0CATBV30000000,95
41_850099098_ _87_678237962,0CATBV30000000,95
87_678237962,0CATBV30000000,95
EXTRA_FIELD_10,0CATBV30000000,95
EXTRA_FIELD_11,0CATBV30000000,95
EXTRA_FIELD_12,0CATBV30000000,95
EXTRA_FIELD_13,0CATBV30000000,95
EXTRA_FIELD_14,0CATBV30000000,95
EXTRA_FIELD_15,0CATBV30000000,95
EXTRA_FIELD_16,0CATBV30000000,95
EXTRA_FIELD_17,0CATBV30000000,95
EXTRA_FIELD_18,0CATBV30000000,95
EXTRA_FIELD_19,0CATBV30000000,95
EXTRA_FIELD_20,0CATBV30000000,95
EXTRA_FIELD_21,0CATBV30000000,95
EXTRA_FIELD_22,0CATBV30000000,95
EXTRA_FIELD_3,0CATBV30000000,95
EXTRA_FIELD_4,0CATBV30000000,95
EXTRA_FIELD_5,0CATBV30000000,95
EXTRA_FIELD_6,0CATBV30000000,95
EXTRA_FIELD_7,0CATBV30000000,95
EXTRA_FIELD_8,0CATBV30000000,95
EXTRA_FIELD_9,0CATBV30000000,95
date_hour,0CATBV30000000,95
date_mday,0CATBV30000000,95
date_minute,0CATBV30000000,95
date_month,0CATBV30000000,95
date_second,0CATBV30000000,95
date_wday,0CATBV30000000,95
date_year,0CATBV30000000,95
date_zone,0CATBV30000000,95
host,0CATBV30000000,95
linecount,0CATBV30000000,95
punct,0CATBV30000000,95
source,0CATBV30000000,95
sourcetype,0CATBV30000000,95
timeendpos,0CATBV30000000,95
timestartpos,0CATBV30000000,95
,0CAVTMN0000000,82
41_850099098_ _87_678237962,0CAVTMN0000000,82
87_678237962,0CAVTMN0000000,82
EXTRA_FIELD_10,0CAVTMN0000000,82
EXTRA_FIELD_11,0CAVTMN0000000,82
EXTRA_FIELD_12,0CAVTMN0000000,82
EXTRA_FIELD_13,0CAVTMN0000000,82
EXTRA_FIELD_14,0CAVTMN0000000,82
EXTRA_FIELD_15,0CAVTMN0000000,82
EXTRA_FIELD_16,0CAVTMN0000000,82
EXTRA_FIELD_17,0CAVTMN0000000,82
EXTRA_FIELD_18,0CAVTMN0000000,82
EXTRA_FIELD_19,0CAVTMN0000000,82
EXTRA_FIELD_20,0CAVTMN0000000,82
EXTRA_FIELD_21,0CAVTMN0000000,82
EXTRA_FIELD_22,0CAVTMN0000000,82
EXTRA_FIELD_3,0CAVTMN0000000,82
EXTRA_FIELD_4,0CAVTMN0000000,82
EXTRA_FIELD_5,0CAVTMN0000000,82
EXTRA_FIELD_6,0CAVTMN0000000,82
EXTRA_FIELD_7,0CAVTMN0000000,82
EXTRA_FIELD_8,0CAVTMN0000000,82
EXTRA_FIELD_9,0CAVTMN0000000,82
date_hour,0CAVTMN0000000,82
date_mday,0CAVTMN0000000,82
date_minute,0CAVTMN0000000,82
date_month,0CAVTMN0000000,82
date_second,0CAVTMN0000000,82
date_wday,0CAVTMN0000000,82
date_year,0CAVTMN0000000,82
date_zone,0CAVTMN0000000,82
host,0CAVTMN0000000,82
linecount,0CAVTMN0000000,82
punct,0CAVTMN0000000,82
source,0CAVTMN0000000,82
sourcetype,0CAVTMN0000000,82
timeendpos,0CAVTMN0000000,82
timestartpos,0CAVTMN0000000,82
,0CB2FEB0000000,69
41_850099098_ _87_678237962,0CB2FEB0000000,69
87_678237962,0CB2FEB0000000,69
EXTRA_FIELD_10,0CB2FEB0000000,69
EXTRA_FIELD_11,0CB2FEB0000000,69
EXTRA_FIELD_12,0CB2FEB0000000,69
EXTRA_FIELD_13,0CB2FEB0000000,69
EXTRA_FIELD_14,0CB2FEB0000000,69
EXTRA_FIELD_15,0CB2FEB0000000,69
EXTRA_FIELD_16,0CB2FEB0000000,69
EXTRA_FIELD_17,0CB2FEB0000000,69
EXTRA_FIELD_18,0CB2FEB0000000,69
EXTRA_FIELD_19,0CB2FEB0000000,69
EXTRA_FIELD_20,0CB2FEB0000000,69
EXTRA_FIELD_21,0CB2FEB0000000,69
EXTRA_FIELD_22,0CB2FEB0000000,69
EXTRA_FIELD_3,0CB2FEB0000000,69
EXTRA_FIELD_4,0CB2FEB0000000,69
EXTRA_FIELD_5,0CB2FEB0000000,69
EXTRA_FIELD_6,0CB2FEB0000000,69
EXTRA_FIELD_7,0CB2FEB0000000,69
EXTRA_FIELD_8,0CB2FEB0000000,69
EXTRA_FIELD_9,0CB2FEB0000000,69
date_hour,0CB2FEB0000000,69
date_mday,0CB2FEB0000000,69
date_minute,0CB2FEB0000000,69
date_month,0CB2FEB0000000,69
date_second,0CB2FEB0000000,69
date_wday,0CB2FEB0000000,69
date_year,0CB2FEB0000000,69
date_zone,0CB2FEB0000000,69
host,0CB2FEB0000000,69
linecount,0CB2FEB0000000,69
punct,0CB2FEB0000000,69
source,0CB2FEB0000000,69
sourcetype,0CB2FEB0000000,69
timeendpos,0CB2FEB0000000,69
timestartpos,0CB2FEB0000000,69
,0CB4P8R0000000,74
41_850099098_ _87_678237962,0CB4P8R0000000,74
87_678237962,0CB4P8R0000000,74
EXTRA_FIELD_10,0CB4P8R0000000,74
EXTRA_FIELD_11,0CB4P8R0000000,74
EXTRA_FIELD_12,0CB4P8R0000000,74
EXTRA_FIELD_13,0CB4P8R0000000,74
EXTRA_FIELD_14,0CB4P8R0000000,74
EXTRA_FIELD_15,0CB4P8R0000000,74
EXTRA_FIELD_16,0CB4P8R0000000,74
EXTRA_FIELD_17,0CB4P8R0000000,74
EXTRA_FIELD_18,0CB4P8R0000000,74
EXTRA_FIELD_19,0CB4P8R0000000,74
EXTRA_FIELD_20,0CB4P8R0000000,74
EXTRA_FIELD_21,0CB4P8R0000000,74
EXTRA_FIELD_22,0CB4P8R0000000,74
EXTRA_FIELD_3,0CB4P8R0000000,74
EXTRA_FIELD_4,0CB4P8R0000000,74
EXTRA_FIELD_5,0CB4P8R0000000,74
EXTRA_FIELD_6,0CB4P8R0000000,74
EXTRA_FIELD_7,0CB4P8R0000000,74
EXTRA_FIELD_8,0CB4P8R0000000,74
EXTRA_FIELD_9,0CB4P8R0000000,74
date_hour,0CB4P8R0000000,74
date_mday,0CB4P8R0000000,74
date_minute,0CB4P8R0000000,74
date_month,0CB4P8R0000000,74
date_second,0CB4P8R0000000,74
date_wday,0CB4P8R0000000,74
date_year,0CB4P8R0000000,74
date_zone,0CB4P8R0000000,74
host,0CB4P8R0000000,74
linecount,0CB4P8R0000000,74
punct,0CB4P8R0000000,74
source,0CB4P8R0000000,74
sourcetype,0CB4P8R0000000,74
timeendpos,0CB4P8R0000000,74
timestartpos,0CB4P8R0000000,74
,0CB7ASUG000000,100
41_850099098_ _87_678237962,0CB7ASUG000000,100
87_678237962,0CB7ASUG000000,100
EXTRA_FIELD_10,0CB7ASUG000000,100
EXTRA_FIELD_11,0CB7ASUG000000,100
EXTRA_FIELD_12,0CB7ASUG000000,100
EXTRA_FIELD_13,0CB7ASUG000000,100
EXTRA_FIELD_14,0CB7ASUG000000,100
EXTRA_FIELD_15,0CB7ASUG000000,100
EXTRA_FIELD_16,0CB7ASUG000000,100
EXTRA_FIELD_17,0CB7ASUG000000,100
EXTRA_FIELD_18,0CB7ASUG000000,100
EXTRA_FIELD_19,0CB7ASUG000000,100
EXTRA_FIELD_20,0CB7ASUG000000,100
EXTRA_FIELD_21,0CB7ASUG000000,100
EXTRA_FIELD_22,0CB7ASUG000000,100
EXTRA_FIELD_3,0CB7ASUG000000,100
EXTRA_FIELD_4,0CB7ASUG000000,100
EXTRA_FIELD_5,0CB7ASUG000000,100
EXTRA_FIELD_6,0CB7ASUG000000,100
EXTRA_FIELD_7,0CB7ASUG000000,100
EXTRA_FIELD_8,0CB7ASUG000000,100
EXTRA_FIELD_9,0CB7ASUG000000,100
date_hour,0CB7ASUG000000,100
date_mday,0CB7ASUG000000,100
date_minute,0CB7ASUG000000,100
date_month,0CB7ASUG000000,100
date_second,0CB7ASUG000000,100
date_wday,0CB7ASUG000000,100
date_year,0CB7ASUG000000,100
date_zone,0CB7ASUG000000,100
host,0CB7ASUG000000,100
linecount,0CB7ASUG000000,100
punct,0CB7ASUG000000,100
source,0CB7ASUG000000,100
sourcetype,0CB7ASUG000000,100
timeendpos,0CB7ASUG000000,100
timestartpos,0CB7ASUG000000,100
,0CB9Q06G000000,92
41_850099098_ _87_678237962,0CB9Q06G000000,92
87_678237962,0CB9Q06G000000,92
EXTRA_FIELD_10,0CB9Q06G000000,92
EXTRA_FIELD_11,0CB9Q06G000000,92
EXTRA_FIELD_12,0CB9Q06G000000,92
EXTRA_FIELD_13,0CB9Q06G000000,92
EXTRA_FIELD_14,0CB9Q06G000000,92
EXTRA_FIELD_15,0CB9Q06G000000,92
EXTRA_FIELD_16,0CB9Q06G000000,92
EXTRA_FIELD_17,0CB9Q06G000000,92
EXTRA_FIELD_18,0CB9Q06G000000,92
EXTRA_FIELD_19,0CB9Q06G000000,92
EXTRA_FIELD_20,0CB9Q06G000000,92
EXTRA_FIELD_21,0CB9Q06G000000,92
EXTRA_FIELD_22,0CB9Q06G000000,92
EXTRA_FIELD_3,0CB9Q06G000000,92
EXTRA_FIELD_4,0CB9Q06G000000,92
EXTRA_FIELD_5,0CB9Q06G000000,92
EXTRA_FIELD_6,0CB9Q06G000000,92
EXTRA_FIELD_7,0CB9Q06G000000,92
EXTRA_FIELD_8,0CB9Q06G000000,92
EXTRA_FIELD_9,0CB9Q06G000000,92
date_hour,0CB9Q06G000000,92
date_mday,0CB9Q06G000000,92
date_minute,0CB9Q06G000000,92
date_month,0CB9Q06G000000,92
date_second,0CB9Q06G000000,92
date_wday,0CB9Q06G000000,92
date_year,0CB9Q06G000000,92
date_zone,0CB9Q06G000000,92
host,0CB9Q06G000000,92
linecount,0CB9Q06G000000,92
punct,0CB9Q06G000000,92
source,0CB9Q06G000000,92
sourcetype,0CB9Q06G000000,92
timeendpos,0CB9Q06G000000,92
timestartpos,0CB9Q06G000000,92
,0CBCBNQG000000,82
41_850099098_ _87_678237962,0CBCBNQG000000,82
87_678237962,0CBCBNQG000000,82
EXTRA_FIELD_10,0CBCBNQG000000,82
EXTRA_FIELD_11,0CBCBNQG000000,82
EXTRA_FIELD_12,0CBCBNQG000000,82
EXTRA_FIELD_13,0CBCBNQG000000,82
EXTRA_FIELD_14,0CBCBNQG000000,82
EXTRA_FIELD_15,0CBCBNQG000000,82
EXTRA_FIELD_16,0CBCBNQG000000,82
EXTRA_FIELD_17,0CBCBNQG000000,82
EXTRA_FIELD_18,0CBCBNQG000000,82
EXTRA_FIELD_19,0CBCBNQG000000,82
EXTRA_FIELD_20,0CBCBNQG000000,82
EXTRA_FIELD_21,0CBCBNQG000000,82
EXTRA_FIELD_22,0CBCBNQG000000,82
EXTRA_FIELD_3,0CBCBNQG000000,82
EXTRA_FIELD_4,0CBCBNQG000000,82
EXTRA_FIELD_5,0CBCBNQG000000,82
EXTRA_FIELD_6,0CBCBNQG000000,82
EXTRA_FIELD_7,0CBCBNQG000000,82
EXTRA_FIELD_8,0CBCBNQG000000,82
EXTRA_FIELD_9,0CBCBNQG000000,82
date_hour,0CBCBNQG000000,82
date_mday,0CBCBNQG000000,82
date_minute,0CBCBNQG000000,82
date_month,0CBCBNQG000000,82
date_second,0CBCBNQG000000,82
date_wday,0CBCBNQG000000,82
date_year,0CBCBNQG000000,82
date_zone,0CBCBNQG000000,82
host,0CBCBNQG000000,82
linecount,0CBCBNQG000000,82
punct,0CBCBNQG000000,82
source,0CBCBNQG000000,82
sourcetype,0CBCBNQG000000,82
timeendpos,0CBCBNQG000000,82
timestartpos,0CBCBNQG000000,82
,0CBEQR2G000000,77
41_850099098_ _87_678237962,0CBEQR2G000000,77
87_678237962,0CBEQR2G000000,77
EXTRA_FIELD_10,0CBEQR2G000000,77
EXTRA_FIELD_11,0CBEQR2G000000,77
EXTRA_FIELD_12,0CBEQR2G000000,77
EXTRA_FIELD_13,0CBEQR2G000000,77
EXTRA_FIELD_14,0CBEQR2G000000,77
EXTRA_FIELD_15,0CBEQR2G000000,77
EXTRA_FIELD_16,0CBEQR2G000000,77
EXTRA_FIELD_17,0CBEQR2G000000,77
EXTRA_FIELD_18,0CBEQR2G000000,77
EXTRA_FIELD_19,0CBEQR2G000000,77
EXTRA_FIELD_20,0CBEQR2G000000,77
EXTRA_FIELD_21,0CBEQR2G000000,77
EXTRA_FIELD_22,0CBEQR2G000000,77
EXTRA_FIELD_3,0CBEQR2G000000,77
EXTRA_FIELD_4,0CBEQR2G000000,77
EXTRA_FIELD_5,0CBEQR2G000000,77
EXTRA_FIELD_6,0CBEQR2G000000,77
EXTRA_FIELD_7,0CBEQR2G000000,77
EXTRA_FIELD_8,0CBEQR2G000000,77
EXTRA_FIELD_9,0CBEQR2G000000,77
date_hour,0CBEQR2G000000,77
date_mday,0CBEQR2G000000,77
date_minute,0CBEQR2G000000,77
date_month,0CBEQR2G000000,77
date_second,0CBEQR2G000000,77
date_wday,0CBEQR2G000000,77
date_year,0CBEQR2G000000,77
date_zone,0CBEQR2G000000,77
host,0CBEQR2G000000,77
linecount,0CBEQR2G000000,77
punct,0CBEQR2G000000,77
source,0CBEQR2G000000,77
sourcetype,0CBEQR2G000000,77
timeendpos,0CBEQR2G000000,77
timestartpos,0CBEQR2G000000,77
,0CBHCIMG000000,79
41_850099098_ _87_678237962,0CBHCIMG000000,79
87_678237962,0CBHCIMG000000,79
EXTRA_FIELD_10,0CBHCIMG000000,79
EXTRA_FIELD_11,0CBHCIMG000000,79
EXTRA_FIELD_12,0CBHCIMG000000,79
EXTRA_FIELD_13,0CBHCIMG000000,79
EXTRA_FIELD_14,0CBHCIMG000000,79
EXTRA_FIELD_15,0CBHCIMG000000,79
EXTRA_FIELD_16,0CBHCIMG000000,79
EXTRA_FIELD_17,0CBHCIMG000000,79
EXTRA_FIELD_18,0CBHCIMG000000,79
EXTRA_FIELD_19,0CBHCIMG000000,79
EXTRA_FIELD_20,0CBHCIMG000000,79
EXTRA_FIELD_21,0CBHCIMG000000,79
EXTRA_FIELD_22,0CBHCIMG000000,79
EXTRA_FIELD_3,0CBHCIMG000000,79
EXTRA_FIELD_4,0CBHCIMG000000,79
EXTRA_FIELD_5,0CBHCIMG000000,79
EXTRA_FIELD_6,0CBHCIMG000000,79
EXTRA_FIELD_7,0CBHCIMG000000,79
EXTRA_FIELD_8,0CBHCIMG000000,79
EXTRA_FIELD_9,0CBHCIMG000000,79
date_hour,0CBHCIMG000000,79
date_mday,0CBHCIMG000000,79
date_minute,0CBHCIMG000000,79
date_month,0CBHCIMG000000,79
date_second,0CBHCIMG000000,79
date_wday,0CBHCIMG000000,79
date_year,0CBHCIMG000000,79
date_zone,0CBHCIMG000000,79
host,0CBHCIMG000000,79
linecount,0CBHCIMG000000,79
punct,0CBHCIMG000000,79
source,0CBHCIMG000000,79
sourcetype,0CBHCIMG000000,79
timeendpos,0CBHCIMG000000,79
timestartpos,0CBHCIMG000000,79
,0CBJUAAG000000,88
41_850099098_ _87_678237962,0CBJUAAG000000,88
87_678237962,0CBJUAAG000000,88
EXTRA_FIELD_10,0CBJUAAG000000,88
EXTRA_FIELD_11,0CBJUAAG000000,88
EXTRA_FIELD_12,0CBJUAAG000000,88
EXTRA_FIELD_13,0CBJUAAG000000,88
EXTRA_FIELD_14,0CBJUAAG000000,88
EXTRA_FIELD_15,0CBJUAAG000000,88
EXTRA_FIELD_16,0CBJUAAG000000,88
EXTRA_FIELD_17,0CBJUAAG000000,88
EXTRA_FIELD_18,0CBJUAAG000000,88
EXTRA_FIELD_19,0CBJUAAG000000,88
EXTRA_FIELD_20,0CBJUAAG000000,88
EXTRA_FIELD_21,0CBJUAAG000000,88
EXTRA_FIELD_22,0CBJUAAG000000,88
EXTRA_FIELD_3,0CBJUAAG000000,88
EXTRA_FIELD_4,0CBJUAAG000000,88
EXTRA_FIELD_5,0CBJUAAG000000,88
EXTRA_FIELD_6,0CBJUAAG000000,88
EXTRA_FIELD_7,0CBJUAAG000000,88
EXTRA_FIELD_8,0CBJUAAG000000,88
EXTRA_FIELD_9,0CBJUAAG000000,88
date_hour,0CBJUAAG000000,88
date_mday,0CBJUAAG000000,88
date_minute,0CBJUAAG000000,88
date_month,0CBJUAAG000000,88
date_second,0CBJUAAG000000,88
date_wday,0CBJUAAG000000,88
date_year,0CBJUAAG000000,88
date_zone,0CBJUAAG000000,88
host,0CBJUAAG000000,88
linecount,0CBJUAAG000000,88
punct,0CBJUAAG000000,88
source,0CBJUAAG000000,88
sourcetype,0CBJUAAG000000,88
timeendpos,0CBJUAAG000000,88
timestartpos,0CBJUAAG000000,88
,0CBMDDIG000000,83
41_850099098_ _87_678237962,0CBMDDIG000000,83
87_678237962,0CBMDDIG000000,83
EXTRA_FIELD_10,0CBMDDIG000000,83
EXTRA_FIELD_11,0CBMDDIG000000,83
EXTRA_FIELD_12,0CBMDDIG000000,83
EXTRA_FIELD_13,0CBMDDIG000000,83
EXTRA_FIELD_14,0CBMDDIG000000,83
EXTRA_FIELD_15,0CBMDDIG000000,83
EXTRA_FIELD_16,0CBMDDIG000000,83
EXTRA_FIELD_17,0CBMDDIG000000,83
EXTRA_FIELD_18,0CBMDDIG000000,83
EXTRA_FIELD_19,0CBMDDIG000000,83
EXTRA_FIELD_20,0CBMDDIG000000,83
EXTRA_FIELD_21,0CBMDDIG000000,83
EXTRA_FIELD_22,0CBMDDIG000000,83
EXTRA_FIELD_3,0CBMDDIG000000,83
EXTRA_FIELD_4,0CBMDDIG000000,83
EXTRA_FIELD_5,0CBMDDIG000000,83
EXTRA_FIELD_6,0CBMDDIG000000,83
EXTRA_FIELD_7,0CBMDDIG000000,83
EXTRA_FIELD_8,0CBMDDIG000000,83
EXTRA_FIELD_9,0CBMDDIG000000,83
date_hour,0CBMDDIG000000,83
date_mday,0CBMDDIG000000,83
date_minute,0CBMDDIG000000,83
date_month,0CBMDDIG000000,83
date_second,0CBMDDIG000000,83
date_wday,0CBMDDIG000000,83
date_year,0CBMDDIG000000,83
date_zone,0CBMDDIG000000,83
host,0CBMDDIG000000,83
linecount,0CBMDDIG000000,83
punct,0CBMDDIG000000,83
source,0CBMDDIG000000,83
sourcetype,0CBMDDIG000000,83
timeendpos,0CBMDDIG000000,83
timestartpos,0CBMDDIG000000,83
,0CBOV8N0000000,70
41_850099098_ _87_678237962,0CBOV8N0000000,70
87_678237962,0CBOV8N0000000,70
EXTRA_FIELD_10,0CBOV8N0000000,70
EXTRA_FIELD_11,0CBOV8N0000000,70
EXTRA_FIELD_12,0CBOV8N0000000,70
EXTRA_FIELD_13,0CBOV8N0000000,70
EXTRA_FIELD_14,0CBOV8N0000000,70
EXTRA_FIELD_15,0CBOV8N0000000,70
EXTRA_FIELD_16,0CBOV8N0000000,70
EXTRA_FIELD_17,0CBOV8N0000000,70
EXTRA_FIELD_18,0CBOV8N0000000,70
EXTRA_FIELD_19,0CBOV8N0000000,70
EXTRA_FIELD_20,0CBOV8N0000000,70
EXTRA_FIELD_21,0CBOV8N0000000,70
EXTRA_FIELD_22,0CBOV8N0000000,70
EXTRA_FIELD_3,0CBOV8N0000000,70
EXTRA_FIELD_4,0CBOV8N0000000,70
EXTRA_FIELD_5,0CBOV8N0000000,70
EXTRA_FIELD_6,0CBOV8N0000000,70
EXTRA_FIELD_7,0CBOV8N0000000,70
EXTRA_FIELD_8,0CBOV8N0000000,70
EXTRA_FIELD_9,0CBOV8N0000000,70
date_hour,0CBOV8N0000000,70
date_mday,0CBOV8N0000000,70
date_minute,0CBOV8N0000000,70
date_month,0CBOV8N0000000,70
date_second,0CBOV8N0000000,70
date_wday,0CBOV8N0000000,70
date_year,0CBOV8N0000000,70
date_zone,0CBOV8N0000000,70
host,0CBOV8N0000000,70
linecount,0CBOV8N0000000,70
punct,0CBOV8N0000000,70
source,0CBOV8N0000000,70
sourcetype,0CBOV8N0000000,70
timeendpos,0CBOV8N0000000,70
timestartpos,0CBOV8N0000000,70
,0CBREBV0000000,71
41_850099098_ _87_678237962,0CBREBV0000000,71
87_678237962,0CBREBV0000000,71
EXTRA_FIELD_10,0CBREBV0000000,71
EXTRA_FIELD_11,0CBREBV0000000,71
EXTRA_FIELD_12,0CBREBV0000000,71
EXTRA_FIELD_13,0CBREBV0000000,71
EXTRA_FIELD_14,0CBREBV0000000,71
EXTRA_FIELD_15,0CBREBV0000000,71
EXTRA_FIELD_16,0CBREBV0000000,71
EXTRA_FIELD_17,0CBREBV0000000,71
EXTRA_FIELD_18,0CBREBV0000000,71
EXTRA_FIELD_19,0CBREBV0000000,71
EXTRA_FIELD_20,0CBREBV0000000,71
EXTRA_FIELD_21,0CBREBV0000000,71
EXTRA_FIELD_22,0CBREBV0000000,71
EXTRA_FIELD_3,0CBREBV0000000,71
EXTRA_FIELD_4,0CBREBV0000000,71
EXTRA_FIELD_5,0CBREBV0000000,71
EXTRA_FIELD_6,0CBREBV0000000,71
EXTRA_FIELD_7,0CBREBV0000000,71
EXTRA_FIELD_8,0CBREBV0000000,71
EXTRA_FIELD_9,0CBREBV0000000,71
date_hour,0CBREBV0000000,71
date_mday,0CBREBV0000000,71
date_minute,0CBREBV0000000,71
date_month,0CBREBV0000000,71
date_second,0CBREBV0000000,71
date_wday,0CBREBV0000000,71
date_year,0CBREBV0000000,71
date_zone,0CBREBV0000000,71
host,0CBREBV0000000,71
linecount,0CBREBV0000000,71
punct,0CBREBV0000000,71
source,0CBREBV0000000,71
sourcetype,0CBREBV0000000,71
timeendpos,0CBREBV0000000,71
timestartpos,0CBREBV0000000,71
,0CBU03J0000000,83
41_850099098_ _87_678237962,0CBU03J0000000,83
87_678237962,0CBU03J0000000,83
EXTRA_FIELD_10,0CBU03J0000000,83
EXTRA_FIELD_11,0CBU03J0000000,83
EXTRA_FIELD_12,0CBU03J0000000,83
EXTRA_FIELD_13,0CBU03J0000000,83
EXTRA_FIELD_14,0CBU03J0000000,83
EXTRA_FIELD_15,0CBU03J0000000,83
EXTRA_FIELD_16,0CBU03J0000000,83
EXTRA_FIELD_17,0CBU03J0000000,83
EXTRA_FIELD_18,0CBU03J0000000,83
EXTRA_FIELD_19,0CBU03J0000000,83
EXTRA_FIELD_20,0CBU03J0000000,83
EXTRA_FIELD_21,0CBU03J0000000,83
EXTRA_FIELD_22,0CBU03J0000000,83
EXTRA_FIELD_3,0CBU03J0000000,83
EXTRA_FIELD_4,0CBU03J0000000,83
EXTRA_FIELD_5,0CBU03J0000000,83
EXTRA_FIELD_6,0CBU03J0000000,83
EXTRA_FIELD_7,0CBU03J0000000,83
EXTRA_FIELD_8,0CBU03J0000000,83
EXTRA_FIELD_9,0CBU03J0000000,83
date_hour,0CBU03J0000000,83
date_mday,0CBU03J0000000,83
date_minute,0CBU03J0000000,83
date_month,0CBU03J0000000,83
date_second,0CBU03J0000000,83
date_wday,0CBU03J0000000,83
date_year,0CBU03J0000000,83
date_zone,0CBU03J0000000,83
host,0CBU03J0000000,83
linecount,0CBU03J0000000,83
punct,0CBU03J0000000,83
source,0CBU03J0000000,83
sourcetype,0CBU03J0000000,83
timeendpos,0CBU03J0000000,83
timestartpos,0CBU03J0000000,83
,0CC0HR70000000,82
41_850099098_ _87_678237962,0CC0HR70000000,82
87_678237962,0CC0HR70000000,82
EXTRA_FIELD_10,0CC0HR70000000,82
EXTRA_FIELD_11,0CC0HR70000000,82
EXTRA_FIELD_12,0CC0HR70000000,82
EXTRA_FIELD_13,0CC0HR70000000,82
EXTRA_FIELD_14,0CC0HR70000000,82
EXTRA_FIELD_15,0CC0HR70000000,82
EXTRA_FIELD_16,0CC0HR70000000,82
EXTRA_FIELD_17,0CC0HR70000000,82
EXTRA_FIELD_18,0CC0HR70000000,82
EXTRA_FIELD_19,0CC0HR70000000,82
EXTRA_FIELD_20,0CC0HR70000000,82
EXTRA_FIELD_21,0CC0HR70000000,82
EXTRA_FIELD_22,0CC0HR70000000,82
EXTRA_FIELD_3,0CC0HR70000000,82
EXTRA_FIELD_4,0CC0HR70000000,82
EXTRA_FIELD_5,0CC0HR70000000,82
EXTRA_FIELD_6,0CC0HR70000000,82
EXTRA_FIELD_7,0CC0HR70000000,82
EXTRA_FIELD_8,0CC0HR70000000,82
EXTRA_FIELD_9,0CC0HR70000000,82
date_hour,0CC0HR70000000,82
date_mday,0CC0HR70000000,82
date_minute,0CC0HR70000000,82
date_month,0CC0HR70000000,82
date_second,0CC0HR70000000,82
date_wday,0CC0HR70000000,82
date_year,0CC0HR70000000,82
date_zone,0CC0HR70000000,82
host,0CC0HR70000000,82
linecount,0CC0HR70000000,82
punct,0CC0HR70000000,82
source,0CC0HR70000000,82
sourcetype,0CC0HR70000000,82
timeendpos,0CC0HR70000000,82
timestartpos,0CC0HR70000000,82
,0CC2RLN0000000,89
41_850099098_ _87_678237962,0CC2RLN0000000,89
87_678237962,0CC2RLN0000000,89
EXTRA_FIELD_10,0CC2RLN0000000,89
EXTRA_FIELD_11,0CC2RLN0000000,89
EXTRA_FIELD_12,0CC2RLN0000000,89
EXTRA_FIELD_13,0CC2RLN0000000,89
EXTRA_FIELD_14,0CC2RLN0000000,89
EXTRA_FIELD_15,0CC2RLN0000000,89
EXTRA_FIELD_16,0CC2RLN0000000,89
EXTRA_FIELD_17,0CC2RLN0000000,89
EXTRA_FIELD_18,0CC2RLN0000000,89
EXTRA_FIELD_19,0CC2RLN0000000,89
EXTRA_FIELD_20,0CC2RLN0000000,89
EXTRA_FIELD_21,0CC2RLN0000000,89
EXTRA_FIELD_22,0CC2RLN0000000,89
EXTRA_FIELD_3,0CC2RLN0000000,89
EXTRA_FIELD_4,0CC2RLN0000000,89
EXTRA_FIELD_5,0CC2RLN0000000,89
EXTRA_FIELD_6,0CC2RLN0000000,89
EXTRA_FIELD_7,0CC2RLN0000000,89
EXTRA_FIELD_8,0CC2RLN0000000,89
EXTRA_FIELD_9,0CC2RLN0000000,89
date_hour,0CC2RLN0000000,89
date_mday,0CC2RLN0000000,89
date_minute,0CC2RLN0000000,89
date_month,0CC2RLN0000000,89
date_second,0CC2RLN0000000,89
date_wday,0CC2RLN0000000,89
date_year,0CC2RLN0000000,89
date_zone,0CC2RLN0000000,89
host,0CC2RLN0000000,89
linecount,0CC2RLN0000000,89
punct,0CC2RLN0000000,89
source,0CC2RLN0000000,89
sourcetype,0CC2RLN0000000,89
timeendpos,0CC2RLN0000000,89
timestartpos,0CC2RLN0000000,89
,0CC5D9QG000000,98
41_850099098_ _87_678237962,0CC5D9QG000000,98
87_678237962,0CC5D9QG000000,98
EXTRA_FIELD_10,0CC5D9QG000000,98
EXTRA_FIELD_11,0CC5D9QG000000,98
EXTRA_FIELD_12,0CC5D9QG000000,98
EXTRA_FIELD_13,0CC5D9QG000000,98
EXTRA_FIELD_14,0CC5D9QG000000,98
EXTRA_FIELD_15,0CC5D9QG000000,98
EXTRA_FIELD_16,0CC5D9QG000000,98
EXTRA_FIELD_17,0CC5D9QG000000,98
EXTRA_FIELD_18,0CC5D9QG000000,98
EXTRA_FIELD_19,0CC5D9QG000000,98
EXTRA_FIELD_20,0CC5D9QG000000,98
EXTRA_FIELD_21,0CC5D9QG000000,98
EXTRA_FIELD_22,0CC5D9QG000000,98
EXTRA_FIELD_3,0CC5D9QG000000,98
EXTRA_FIELD_4,0CC5D9QG000000,98
EXTRA_FIELD_5,0CC5D9QG000000,98
EXTRA_FIELD_6,0CC5D9QG000000,98
EXTRA_FIELD_7,0CC5D9QG000000,98
EXTRA_FIELD_8,0CC5D9QG000000,98
EXTRA_FIELD_9,0CC5D9QG000000,98
date_hour,0CC5D9QG000000,98
date_mday,0CC5D9QG000000,98
date_minute,0CC5D9QG000000,98
date_month,0CC5D9QG000000,98
date_second,0CC5D9QG000000,98
date_wday,0CC5D9QG000000,98
date_year,0CC5D9QG000000,98
date_zone,0CC5D9QG000000,98
host,0CC5D9QG000000,98
linecount,0CC5D9QG000000,98
punct,0CC5D9QG000000,98
source,0CC5D9QG000000,98
sourcetype,0CC5D9QG000000,98
timeendpos,0CC5D9QG000000,98
timestartpos,0CC5D9QG000000,98
,0CC7SD2G000000,162
41_850099098_ _87_678237962,0CC7SD2G000000,162
87_678237962,0CC7SD2G000000,162
EXTRA_FIELD_10,0CC7SD2G000000,162
EXTRA_FIELD_11,0CC7SD2G000000,162
EXTRA_FIELD_12,0CC7SD2G000000,162
EXTRA_FIELD_13,0CC7SD2G000000,162
EXTRA_FIELD_14,0CC7SD2G000000,162
EXTRA_FIELD_15,0CC7SD2G000000,162
EXTRA_FIELD_16,0CC7SD2G000000,162
EXTRA_FIELD_17,0CC7SD2G000000,162
EXTRA_FIELD_18,0CC7SD2G000000,162
EXTRA_FIELD_19,0CC7SD2G000000,162
EXTRA_FIELD_20,0CC7SD2G000000,162
EXTRA_FIELD_21,0CC7SD2G000000,162
EXTRA_FIELD_22,0CC7SD2G000000,162
EXTRA_FIELD_3,0CC7SD2G000000,162
EXTRA_FIELD_4,0CC7SD2G000000,162
EXTRA_FIELD_5,0CC7SD2G000000,162
EXTRA_FIELD_6,0CC7SD2G000000,162
EXTRA_FIELD_7,0CC7SD2G000000,162
EXTRA_FIELD_8,0CC7SD2G000000,162
EXTRA_FIELD_9,0CC7SD2G000000,162
date_hour,0CC7SD2G000000,162
date_mday,0CC7SD2G000000,162
date_minute,0CC7SD2G000000,162
date_month,0CC7SD2G000000,162
date_second,0CC7SD2G000000,162
date_wday,0CC7SD2G000000,162
date_year,0CC7SD2G000000,162
date_zone,0CC7SD2G000000,162
host,0CC7SD2G000000,162
linecount,0CC7SD2G000000,162
punct,0CC7SD2G000000,162
source,0CC7SD2G000000,162
sourcetype,0CC7SD2G000000,162
timeendpos,0CC7SD2G000000,162
timestartpos,0CC7SD2G000000,162
,0CCAE4MG000000,190
41_850099098_ _87_678237962,0CCAE4MG000000,190
87_678237962,0CCAE4MG000000,190
EXTRA_FIELD_10,0CCAE4MG000000,190
EXTRA_FIELD_11,0CCAE4MG000000,190
EXTRA_FIELD_12,0CCAE4MG000000,190
EXTRA_FIELD_13,0CCAE4MG000000,190
EXTRA_FIELD_14,0CCAE4MG000000,190
EXTRA_FIELD_15,0CCAE4MG000000,190
EXTRA_FIELD_16,0CCAE4MG000000,190
EXTRA_FIELD_17,0CCAE4MG000000,190
EXTRA_FIELD_18,0CCAE4MG000000,190
EXTRA_FIELD_19,0CCAE4MG000000,190
EXTRA_FIELD_20,0CCAE4MG000000,190
EXTRA_FIELD_21,0CCAE4MG000000,190
EXTRA_FIELD_22,0CCAE4MG000000,190
EXTRA_FIELD_3,0CCAE4MG000000,190
EXTRA_FIELD_4,0CCAE4MG000000,190
EXTRA_FIELD_5,0CCAE4MG000000,190
EXTRA_FIELD_6,0CCAE4MG000000,190
EXTRA_FIELD_7,0CCAE4MG000000,190
EXTRA_FIELD_8,0CCAE4MG000000,190
EXTRA_FIELD_9,0CCAE4MG000000,190
date_hour,0CCAE4MG000000,190
date_mday,0CCAE4MG000000,190
date_minute,0CCAE4MG000000,190
date_month,0CCAE4MG000000,190
date_second,0CCAE4MG000000,190
date_wday,0CCAE4MG000000,190
date_year,0CCAE4MG000000,190
date_zone,0CCAE4MG000000,190
host,0CCAE4MG000000,190
linecount,0CCAE4MG000000,190
punct,0CCAE4MG000000,190
source,0CCAE4MG000000,190
sourcetype,0CCAE4MG000000,190
timeendpos,0CCAE4MG000000,190
timestartpos,0CCAE4MG000000,190
,0CCCT7UG000000,138
41_850099098_ _87_678237962,0CCCT7UG000000,138
87_678237962,0CCCT7UG000000,138
EXTRA_FIELD_10,0CCCT7UG000000,138
EXTRA_FIELD_11,0CCCT7UG000000,138
EXTRA_FIELD_12,0CCCT7UG000000,138
EXTRA_FIELD_13,0CCCT7UG000000,138
EXTRA_FIELD_14,0CCCT7UG000000,138
EXTRA_FIELD_15,0CCCT7UG000000,138
EXTRA_FIELD_16,0CCCT7UG000000,138
EXTRA_FIELD_17,0CCCT7UG000000,138
EXTRA_FIELD_18,0CCCT7UG000000,138
EXTRA_FIELD_19,0CCCT7UG000000,138
EXTRA_FIELD_20,0CCCT7UG000000,138
EXTRA_FIELD_21,0CCCT7UG000000,138
EXTRA_FIELD_22,0CCCT7UG000000,138
EXTRA_FIELD_3,0CCCT7UG000000,138
EXTRA_FIELD_4,0CCCT7UG000000,138
EXTRA_FIELD_5,0CCCT7UG000000,138
EXTRA_FIELD_6,0CCCT7UG000000,138
EXTRA_FIELD_7,0CCCT7UG000000,138
EXTRA_FIELD_8,0CCCT7UG000000,138
EXTRA_FIELD_9,0CCCT7UG000000,138
date_hour,0CCCT7UG000000,138
date_mday,0CCCT7UG000000,138
date_minute,0CCCT7UG000000,138
date_month,0CCCT7UG000000,138
date_second,0CCCT7UG000000,138
date_wday,0CCCT7UG000000,138
date_year,0CCCT7UG000000,138
date_zone,0CCCT7UG000000,138
host,0CCCT7UG000000,138
linecount,0CCCT7UG000000,138
punct,0CCCT7UG000000,138
source,0CCCT7UG000000,138
sourcetype,0CCCT7UG000000,138
timeendpos,0CCCT7UG000000,138
timestartpos,0CCCT7UG000000,138
,0CCFEVIG000000,176
41_850099098_ _87_678237962,0CCFEVIG000000,176
87_678237962,0CCFEVIG000000,176
EXTRA_FIELD_10,0CCFEVIG000000,176
EXTRA_FIELD_11,0CCFEVIG000000,176
EXTRA_FIELD_12,0CCFEVIG000000,176
EXTRA_FIELD_13,0CCFEVIG000000,176
EXTRA_FIELD_14,0CCFEVIG000000,176
EXTRA_FIELD_15,0CCFEVIG000000,176
EXTRA_FIELD_16,0CCFEVIG000000,176
EXTRA_FIELD_17,0CCFEVIG000000,176
EXTRA_FIELD_18,0CCFEVIG000000,176
EXTRA_FIELD_19,0CCFEVIG000000,176
EXTRA_FIELD_20,0CCFEVIG000000,176
EXTRA_FIELD_21,0CCFEVIG000000,176
EXTRA_FIELD_22,0CCFEVIG000000,176
EXTRA_FIELD_3,0CCFEVIG000000,176
EXTRA_FIELD_4,0CCFEVIG000000,176
EXTRA_FIELD_5,0CCFEVIG000000,176
EXTRA_FIELD_6,0CCFEVIG000000,176
EXTRA_FIELD_7,0CCFEVIG000000,176
EXTRA_FIELD_8,0CCFEVIG000000,176
EXTRA_FIELD_9,0CCFEVIG000000,176
date_hour,0CCFEVIG000000,176
date_mday,0CCFEVIG000000,176
date_minute,0CCFEVIG000000,176
date_month,0CCFEVIG000000,176
date_second,0CCFEVIG000000,176
date_wday,0CCFEVIG000000,176
date_year,0CCFEVIG000000,176
date_zone,0CCFEVIG000000,176
host,0CCFEVIG000000,176
linecount,0CCFEVIG000000,176
punct,0CCFEVIG000000,176
source,0CCFEVIG000000,176
sourcetype,0CCFEVIG000000,176
timeendpos,0CCFEVIG000000,176
timestartpos,0CCFEVIG000000,176
,0CCI0N6G000000,145
41_850099098_ _87_678237962,0CCI0N6G000000,145
87_678237962,0CCI0N6G000000,145
EXTRA_FIELD_10,0CCI0N6G000000,145
EXTRA_FIELD_11,0CCI0N6G000000,145
EXTRA_FIELD_12,0CCI0N6G000000,145
EXTRA_FIELD_13,0CCI0N6G000000,145
EXTRA_FIELD_14,0CCI0N6G000000,145
EXTRA_FIELD_15,0CCI0N6G000000,145
EXTRA_FIELD_16,0CCI0N6G000000,145
EXTRA_FIELD_17,0CCI0N6G000000,145
EXTRA_FIELD_18,0CCI0N6G000000,145
EXTRA_FIELD_19,0CCI0N6G000000,145
EXTRA_FIELD_20,0CCI0N6G000000,145
EXTRA_FIELD_21,0CCI0N6G000000,145
EXTRA_FIELD_22,0CCI0N6G000000,145
EXTRA_FIELD_3,0CCI0N6G000000,145
EXTRA_FIELD_4,0CCI0N6G000000,145
EXTRA_FIELD_5,0CCI0N6G000000,145
EXTRA_FIELD_6,0CCI0N6G000000,145
EXTRA_FIELD_7,0CCI0N6G000000,145
EXTRA_FIELD_8,0CCI0N6G000000,145
EXTRA_FIELD_9,0CCI0N6G000000,145
date_hour,0CCI0N6G000000,145
date_mday,0CCI0N6G000000,145
date_minute,0CCI0N6G000000,145
date_month,0CCI0N6G000000,145
date_second,0CCI0N6G000000,145
date_wday,0CCI0N6G000000,145
date_year,0CCI0N6G000000,145
date_zone,0CCI0N6G000000,145
host,0CCI0N6G000000,145
linecount,0CCI0N6G000000,145
punct,0CCI0N6G000000,145
source,0CCI0N6G000000,145
sourcetype,0CCI0N6G000000,145
timeendpos,0CCI0N6G000000,145
timestartpos,0CCI0N6G000000,145
,0CCKFQEG000000,157
41_850099098_ _87_678237962,0CCKFQEG000000,157
87_678237962,0CCKFQEG000000,157
EXTRA_FIELD_10,0CCKFQEG000000,157
EXTRA_FIELD_11,0CCKFQEG000000,157
EXTRA_FIELD_12,0CCKFQEG000000,157
EXTRA_FIELD_13,0CCKFQEG000000,157
EXTRA_FIELD_14,0CCKFQEG000000,157
EXTRA_FIELD_15,0CCKFQEG000000,157
EXTRA_FIELD_16,0CCKFQEG000000,157
EXTRA_FIELD_17,0CCKFQEG000000,157
EXTRA_FIELD_18,0CCKFQEG000000,157
EXTRA_FIELD_19,0CCKFQEG000000,157
EXTRA_FIELD_20,0CCKFQEG000000,157
EXTRA_FIELD_21,0CCKFQEG000000,157
EXTRA_FIELD_22,0CCKFQEG000000,157
EXTRA_FIELD_3,0CCKFQEG000000,157
EXTRA_FIELD_4,0CCKFQEG000000,157
EXTRA_FIELD_5,0CCKFQEG000000,157
EXTRA_FIELD_6,0CCKFQEG000000,157
EXTRA_FIELD_7,0CCKFQEG000000,157
EXTRA_FIELD_8,0CCKFQEG000000,157
EXTRA_FIELD_9,0CCKFQEG000000,157
date_hour,0CCKFQEG000000,157
date_mday,0CCKFQEG000000,157
date_minute,0CCKFQEG000000,157
date_month,0CCKFQEG000000,157
date_second,0CCKFQEG000000,157
date_wday,0CCKFQEG000000,157
date_year,0CCKFQEG000000,157
date_zone,0CCKFQEG000000,157
host,0CCKFQEG000000,157
linecount,0CCKFQEG000000,157
punct,0CCKFQEG000000,157
source,0CCKFQEG000000,157
sourcetype,0CCKFQEG000000,157
timeendpos,0CCKFQEG000000,157
timestartpos,0CCKFQEG000000,157
,0CCN1LJ0000000,170
41_850099098_ _87_678237962,0CCN1LJ0000000,170
87_678237962,0CCN1LJ0000000,170
EXTRA_FIELD_10,0CCN1LJ0000000,170
EXTRA_FIELD_11,0CCN1LJ0000000,170
EXTRA_FIELD_12,0CCN1LJ0000000,170
EXTRA_FIELD_13,0CCN1LJ0000000,170
EXTRA_FIELD_14,0CCN1LJ0000000,170
EXTRA_FIELD_15,0CCN1LJ0000000,170
EXTRA_FIELD_16,0CCN1LJ0000000,170
EXTRA_FIELD_17,0CCN1LJ0000000,170
EXTRA_FIELD_18,0CCN1LJ0000000,170
EXTRA_FIELD_19,0CCN1LJ0000000,170
EXTRA_FIELD_20,0CCN1LJ0000000,170
EXTRA_FIELD_21,0CCN1LJ0000000,170
EXTRA_FIELD_22,0CCN1LJ0000000,170
EXTRA_FIELD_3,0CCN1LJ0000000,170
EXTRA_FIELD_4,0CCN1LJ0000000,170
EXTRA_FIELD_5,0CCN1LJ0000000,170
EXTRA_FIELD_6,0CCN1LJ0000000,170
EXTRA_FIELD_7,0CCN1LJ0000000,170
EXTRA_FIELD_8,0CCN1LJ0000000,170
EXTRA_FIELD_9,0CCN1LJ0000000,170
date_hour,0CCN1LJ0000000,170
date_mday,0CCN1LJ0000000,170
date_minute,0CCN1LJ0000000,170
date_month,0CCN1LJ0000000,170
date_second,0CCN1LJ0000000,170
date_wday,0CCN1LJ0000000,170
date_year,0CCN1LJ0000000,170
date_zone,0CCN1LJ0000000,170
host,0CCN1LJ0000000,170
linecount,0CCN1LJ0000000,170
punct,0CCN1LJ0000000,170
source,0CCN1LJ0000000,170
sourcetype,0CCN1LJ0000000,170
timeendpos,0CCN1LJ0000000,170
timestartpos,0CCN1LJ0000000,170
,0CCPGOR0000000,167
41_850099098_ _87_678237962,0CCPGOR0000000,167
87_678237962,0CCPGOR0000000,167
EXTRA_FIELD_10,0CCPGOR0000000,167
EXTRA_FIELD_11,0CCPGOR0000000,167
EXTRA_FIELD_12,0CCPGOR0000000,167
EXTRA_FIELD_13,0CCPGOR0000000,167
EXTRA_FIELD_14,0CCPGOR0000000,167
EXTRA_FIELD_15,0CCPGOR0000000,167
EXTRA_FIELD_16,0CCPGOR0000000,167
EXTRA_FIELD_17,0CCPGOR0000000,167
EXTRA_FIELD_18,0CCPGOR0000000,167
EXTRA_FIELD_19,0CCPGOR0000000,167
EXTRA_FIELD_20,0CCPGOR0000000,167
EXTRA_FIELD_21,0CCPGOR0000000,167
EXTRA_FIELD_22,0CCPGOR0000000,167
EXTRA_FIELD_3,0CCPGOR0000000,167
EXTRA_FIELD_4,0CCPGOR0000000,167
EXTRA_FIELD_5,0CCPGOR0000000,167
EXTRA_FIELD_6,0CCPGOR0000000,167
EXTRA_FIELD_7,0CCPGOR0000000,167
EXTRA_FIELD_8,0CCPGOR0000000,167
EXTRA_FIELD_9,0CCPGOR0000000,167
date_hour,0CCPGOR0000000,167
date_mday,0CCPGOR0000000,167
date_minute,0CCPGOR0000000,167
date_month,0CCPGOR0000000,167
date_second,0CCPGOR0000000,167
date_wday,0CCPGOR0000000,167
date_year,0CCPGOR0000000,167
date_zone,0CCPGOR0000000,167
host,0CCPGOR0000000,167
linecount,0CCPGOR0000000,167
punct,0CCPGOR0000000,167
source,0CCPGOR0000000,167
sourcetype,0CCPGOR0000000,167
timeendpos,0CCPGOR0000000,167
timestartpos,0CCPGOR0000000,167
,0CCS2GF0000000,163
41_850099098_ _87_678237962,0CCS2GF0000000,163
87_678237962,0CCS2GF0000000,163
EXTRA_FIELD_10,0CCS2GF0000000,163
EXTRA_FIELD_11,0CCS2GF0000000,163
EXTRA_FIELD_12,0CCS2GF0000000,163
EXTRA_FIELD_13,0CCS2GF0000000,163
EXTRA_FIELD_14,0CCS2GF0000000,163
EXTRA_FIELD_15,0CCS2GF0000000,163
EXTRA_FIELD_16,0CCS2GF0000000,163
EXTRA_FIELD_17,0CCS2GF0000000,163
EXTRA_FIELD_18,0CCS2GF0000000,163
EXTRA_FIELD_19,0CCS2GF0000000,163
EXTRA_FIELD_20,0CCS2GF0000000,163
EXTRA_FIELD_21,0CCS2GF0000000,163
EXTRA_FIELD_22,0CCS2GF0000000,163
EXTRA_FIELD_3,0CCS2GF0000000,163
EXTRA_FIELD_4,0CCS2GF0000000,163
EXTRA_FIELD_5,0CCS2GF0000000,163
EXTRA_FIELD_6,0CCS2GF0000000,163
EXTRA_FIELD_7,0CCS2GF0000000,163
EXTRA_FIELD_8,0CCS2GF0000000,163
EXTRA_FIELD_9,0CCS2GF0000000,163
date_hour,0CCS2GF0000000,163
date_mday,0CCS2GF0000000,163
date_minute,0CCS2GF0000000,163
date_month,0CCS2GF0000000,163
date_second,0CCS2GF0000000,163
date_wday,0CCS2GF0000000,163
date_year,0CCS2GF0000000,163
date_zone,0CCS2GF0000000,163
host,0CCS2GF0000000,163
linecount,0CCS2GF0000000,163
punct,0CCS2GF0000000,163
source,0CCS2GF0000000,163
sourcetype,0CCS2GF0000000,163
timeendpos,0CCS2GF0000000,163
timestartpos,0CCS2GF0000000,163
,0CCUK830000000,161
41_850099098_ _87_678237962,0CCUK830000000,161
87_678237962,0CCUK830000000,161
EXTRA_FIELD_10,0CCUK830000000,161
EXTRA_FIELD_11,0CCUK830000000,161
EXTRA_FIELD_12,0CCUK830000000,161
EXTRA_FIELD_13,0CCUK830000000,161
EXTRA_FIELD_14,0CCUK830000000,161
EXTRA_FIELD_15,0CCUK830000000,161
EXTRA_FIELD_16,0CCUK830000000,161
EXTRA_FIELD_17,0CCUK830000000,161
EXTRA_FIELD_18,0CCUK830000000,161
EXTRA_FIELD_19,0CCUK830000000,161
EXTRA_FIELD_20,0CCUK830000000,161
EXTRA_FIELD_21,0CCUK830000000,161
EXTRA_FIELD_22,0CCUK830000000,161
EXTRA_FIELD_3,0CCUK830000000,161
EXTRA_FIELD_4,0CCUK830000000,161
EXTRA_FIELD_5,0CCUK830000000,161
EXTRA_FIELD_6,0CCUK830000000,161
EXTRA_FIELD_7,0CCUK830000000,161
EXTRA_FIELD_8,0CCUK830000000,161
EXTRA_FIELD_9,0CCUK830000000,161
date_hour,0CCUK830000000,161
date_mday,0CCUK830000000,161
date_minute,0CCUK830000000,161
date_month,0CCUK830000000,161
date_second,0CCUK830000000,161
date_wday,0CCUK830000000,161
date_year,0CCUK830000000,161
date_zone,0CCUK830000000,161
host,0CCUK830000000,161
linecount,0CCUK830000000,161
punct,0CCUK830000000,161
source,0CCUK830000000,161
sourcetype,0CCUK830000000,161
timeendpos,0CCUK830000000,161
timestartpos,0CCUK830000000,161
,0CD0U2J0000000,165
41_850099098_ _87_678237962,0CD0U2J0000000,165
87_678237962,0CD0U2J0000000,165
EXTRA_FIELD_10,0CD0U2J0000000,165
EXTRA_FIELD_11,0CD0U2J0000000,165
EXTRA_FIELD_12,0CD0U2J0000000,165
EXTRA_FIELD_13,0CD0U2J0000000,165
EXTRA_FIELD_14,0CD0U2J0000000,165
EXTRA_FIELD_15,0CD0U2J0000000,165
EXTRA_FIELD_16,0CD0U2J0000000,165
EXTRA_FIELD_17,0CD0U2J0000000,165
EXTRA_FIELD_18,0CD0U2J0000000,165
EXTRA_FIELD_19,0CD0U2J0000000,165
EXTRA_FIELD_20,0CD0U2J0000000,165
EXTRA_FIELD_21,0CD0U2J0000000,165
EXTRA_FIELD_22,0CD0U2J0000000,165
EXTRA_FIELD_3,0CD0U2J0000000,165
EXTRA_FIELD_4,0CD0U2J0000000,165
EXTRA_FIELD_5,0CD0U2J0000000,165
EXTRA_FIELD_6,0CD0U2J0000000,165
EXTRA_FIELD_7,0CD0U2J0000000,165
EXTRA_FIELD_8,0CD0U2J0000000,165
EXTRA_FIELD_9,0CD0U2J0000000,165
date_hour,0CD0U2J0000000,165
date_mday,0CD0U2J0000000,165
date_minute,0CD0U2J0000000,165
date_month,0CD0U2J0000000,165
date_second,0CD0U2J0000000,165
date_wday,0CD0U2J0000000,165
date_year,0CD0U2J0000000,165
date_zone,0CD0U2J0000000,165
host,0CD0U2J0000000,165
linecount,0CD0U2J0000000,165
punct,0CD0U2J0000000,165
source,0CD0U2J0000000,165
sourcetype,0CD0U2J0000000,165
timeendpos,0CD0U2J0000000,165
timestartpos,0CD0U2J0000000,165
,0CD3FMMG000000,169
41_850099098_ _87_678237962,0CD3FMMG000000,169
87_678237962,0CD3FMMG000000,169
EXTRA_FIELD_10,0CD3FMMG000000,169
EXTRA_FIELD_11,0CD3FMMG000000,169
EXTRA_FIELD_12,0CD3FMMG000000,169
EXTRA_FIELD_13,0CD3FMMG000000,169
EXTRA_FIELD_14,0CD3FMMG000000,169
EXTRA_FIELD_15,0CD3FMMG000000,169
EXTRA_FIELD_16,0CD3FMMG000000,169
EXTRA_FIELD_17,0CD3FMMG000000,169
EXTRA_FIELD_18,0CD3FMMG000000,169
EXTRA_FIELD_19,0CD3FMMG000000,169
EXTRA_FIELD_20,0CD3FMMG000000,169
EXTRA_FIELD_21,0CD3FMMG000000,169
EXTRA_FIELD_22,0CD3FMMG000000,169
EXTRA_FIELD_3,0CD3FMMG000000,169
EXTRA_FIELD_4,0CD3FMMG000000,169
EXTRA_FIELD_5,0CD3FMMG000000,169
EXTRA_FIELD_6,0CD3FMMG000000,169
EXTRA_FIELD_7,0CD3FMMG000000,169
EXTRA_FIELD_8,0CD3FMMG000000,169
EXTRA_FIELD_9,0CD3FMMG000000,169
date_hour,0CD3FMMG000000,169
date_mday,0CD3FMMG000000,169
date_minute,0CD3FMMG000000,169
date_month,0CD3FMMG000000,169
date_second,0CD3FMMG000000,169
date_wday,0CD3FMMG000000,169
date_year,0CD3FMMG000000,169
date_zone,0CD3FMMG000000,169
host,0CD3FMMG000000,169
linecount,0CD3FMMG000000,169
punct,0CD3FMMG000000,169
source,0CD3FMMG000000,169
sourcetype,0CD3FMMG000000,169
timeendpos,0CD3FMMG000000,169
timestartpos,0CD3FMMG000000,169
,0CD5UPUG000000,175
41_850099098_ _87_678237962,0CD5UPUG000000,175
87_678237962,0CD5UPUG000000,175
EXTRA_FIELD_10,0CD5UPUG000000,175
EXTRA_FIELD_11,0CD5UPUG000000,175
EXTRA_FIELD_12,0CD5UPUG000000,175
EXTRA_FIELD_13,0CD5UPUG000000,175
EXTRA_FIELD_14,0CD5UPUG000000,175
EXTRA_FIELD_15,0CD5UPUG000000,175
EXTRA_FIELD_16,0CD5UPUG000000,175
EXTRA_FIELD_17,0CD5UPUG000000,175
EXTRA_FIELD_18,0CD5UPUG000000,175
EXTRA_FIELD_19,0CD5UPUG000000,175
EXTRA_FIELD_20,0CD5UPUG000000,175
EXTRA_FIELD_21,0CD5UPUG000000,175
EXTRA_FIELD_22,0CD5UPUG000000,175
EXTRA_FIELD_3,0CD5UPUG000000,175
EXTRA_FIELD_4,0CD5UPUG000000,175
EXTRA_FIELD_5,0CD5UPUG000000,175
EXTRA_FIELD_6,0CD5UPUG000000,175
EXTRA_FIELD_7,0CD5UPUG000000,175
EXTRA_FIELD_8,0CD5UPUG000000,175
EXTRA_FIELD_9,0CD5UPUG000000,175
date_hour,0CD5UPUG000000,175
date_mday,0CD5UPUG000000,175
date_minute,0CD5UPUG000000,175
date_month,0CD5UPUG000000,175
date_second,0CD5UPUG000000,175
date_wday,0CD5UPUG000000,175
date_year,0CD5UPUG000000,175
date_zone,0CD5UPUG000000,175
host,0CD5UPUG000000,175
linecount,0CD5UPUG000000,175
punct,0CD5UPUG000000,175
source,0CD5UPUG000000,175
sourcetype,0CD5UPUG000000,175
timeendpos,0CD5UPUG000000,175
timestartpos,0CD5UPUG000000,175
,0CD8GHIG000000,162
41_850099098_ _87_678237962,0CD8GHIG000000,162
87_678237962,0CD8GHIG000000,162
EXTRA_FIELD_10,0CD8GHIG000000,162
EXTRA_FIELD_11,0CD8GHIG000000,162
EXTRA_FIELD_12,0CD8GHIG000000,162
EXTRA_FIELD_13,0CD8GHIG000000,162
EXTRA_FIELD_14,0CD8GHIG000000,162
EXTRA_FIELD_15,0CD8GHIG000000,162
EXTRA_FIELD_16,0CD8GHIG000000,162
EXTRA_FIELD_17,0CD8GHIG000000,162
EXTRA_FIELD_18,0CD8GHIG000000,162
EXTRA_FIELD_19,0CD8GHIG000000,162
EXTRA_FIELD_20,0CD8GHIG000000,162
EXTRA_FIELD_21,0CD8GHIG000000,162
EXTRA_FIELD_22,0CD8GHIG000000,162
EXTRA_FIELD_3,0CD8GHIG000000,162
EXTRA_FIELD_4,0CD8GHIG000000,162
EXTRA_FIELD_5,0CD8GHIG000000,162
EXTRA_FIELD_6,0CD8GHIG000000,162
EXTRA_FIELD_7,0CD8GHIG000000,162
EXTRA_FIELD_8,0CD8GHIG000000,162
EXTRA_FIELD_9,0CD8GHIG000000,162
date_hour,0CD8GHIG000000,162
date_mday,0CD8GHIG000000,162
date_minute,0CD8GHIG000000,162
date_month,0CD8GHIG000000,162
date_second,0CD8GHIG000000,162
date_wday,0CD8GHIG000000,162
date_year,0CD8GHIG000000,162
date_zone,0CD8GHIG000000,162
host,0CD8GHIG000000,162
linecount,0CD8GHIG000000,162
punct,0CD8GHIG000000,162
source,0CD8GHIG000000,162
sourcetype,0CD8GHIG000000,162
timeendpos,0CD8GHIG000000,162
timestartpos,0CD8GHIG000000,162
,0CDAVKQG000000,171
41_850099098_ _87_678237962,0CDAVKQG000000,171
87_678237962,0CDAVKQG000000,171
EXTRA_FIELD_10,0CDAVKQG000000,171
EXTRA_FIELD_11,0CDAVKQG000000,171
EXTRA_FIELD_12,0CDAVKQG000000,171
EXTRA_FIELD_13,0CDAVKQG000000,171
EXTRA_FIELD_14,0CDAVKQG000000,171
EXTRA_FIELD_15,0CDAVKQG000000,171
EXTRA_FIELD_16,0CDAVKQG000000,171
EXTRA_FIELD_17,0CDAVKQG000000,171
EXTRA_FIELD_18,0CDAVKQG000000,171
EXTRA_FIELD_19,0CDAVKQG000000,171
EXTRA_FIELD_20,0CDAVKQG000000,171
EXTRA_FIELD_21,0CDAVKQG000000,171
EXTRA_FIELD_22,0CDAVKQG000000,171
EXTRA_FIELD_3,0CDAVKQG000000,171
EXTRA_FIELD_4,0CDAVKQG000000,171
EXTRA_FIELD_5,0CDAVKQG000000,171
EXTRA_FIELD_6,0CDAVKQG000000,171
EXTRA_FIELD_7,0CDAVKQG000000,171
EXTRA_FIELD_8,0CDAVKQG000000,171
EXTRA_FIELD_9,0CDAVKQG000000,171
date_hour,0CDAVKQG000000,171
date_mday,0CDAVKQG000000,171
date_minute,0CDAVKQG000000,171
date_month,0CDAVKQG000000,171
date_second,0CDAVKQG000000,171
date_wday,0CDAVKQG000000,171
date_year,0CDAVKQG000000,171
date_zone,0CDAVKQG000000,171
host,0CDAVKQG000000,171
linecount,0CDAVKQG000000,171
punct,0CDAVKQG000000,171
source,0CDAVKQG000000,171
sourcetype,0CDAVKQG000000,171
timeendpos,0CDAVKQG000000,171
timestartpos,0CDAVKQG000000,171
,0CDDHCEG000000,152
41_850099098_ _87_678237962,0CDDHCEG000000,152
87_678237962,0CDDHCEG000000,152
EXTRA_FIELD_10,0CDDHCEG000000,152
EXTRA_FIELD_11,0CDDHCEG000000,152
EXTRA_FIELD_12,0CDDHCEG000000,152
EXTRA_FIELD_13,0CDDHCEG000000,152
EXTRA_FIELD_14,0CDDHCEG000000,152
EXTRA_FIELD_15,0CDDHCEG000000,152
EXTRA_FIELD_16,0CDDHCEG000000,152
EXTRA_FIELD_17,0CDDHCEG000000,152
EXTRA_FIELD_18,0CDDHCEG000000,152
EXTRA_FIELD_19,0CDDHCEG000000,152
EXTRA_FIELD_20,0CDDHCEG000000,152
EXTRA_FIELD_21,0CDDHCEG000000,152
EXTRA_FIELD_22,0CDDHCEG000000,152
EXTRA_FIELD_3,0CDDHCEG000000,152
EXTRA_FIELD_4,0CDDHCEG000000,152
EXTRA_FIELD_5,0CDDHCEG000000,152
EXTRA_FIELD_6,0CDDHCEG000000,152
EXTRA_FIELD_7,0CDDHCEG000000,152
EXTRA_FIELD_8,0CDDHCEG000000,152
EXTRA_FIELD_9,0CDDHCEG000000,152
date_hour,0CDDHCEG000000,152
date_mday,0CDDHCEG000000,152
date_minute,0CDDHCEG000000,152
date_month,0CDDHCEG000000,152
date_second,0CDDHCEG000000,152
date_wday,0CDDHCEG000000,152
date_year,0CDDHCEG000000,152
date_zone,0CDDHCEG000000,152
host,0CDDHCEG000000,152
linecount,0CDDHCEG000000,152
punct,0CDDHCEG000000,152
source,0CDDHCEG000000,152
sourcetype,0CDDHCEG000000,152
timeendpos,0CDDHCEG000000,152
timestartpos,0CDDHCEG000000,152
,0CDG342G000000,118
41_850099098_ _87_678237962,0CDG342G000000,118
87_678237962,0CDG342G000000,118
EXTRA_FIELD_10,0CDG342G000000,118
EXTRA_FIELD_11,0CDG342G000000,118
EXTRA_FIELD_12,0CDG342G000000,118
EXTRA_FIELD_13,0CDG342G000000,118
EXTRA_FIELD_14,0CDG342G000000,118
EXTRA_FIELD_15,0CDG342G000000,118
EXTRA_FIELD_16,0CDG342G000000,118
EXTRA_FIELD_17,0CDG342G000000,118
EXTRA_FIELD_18,0CDG342G000000,118
EXTRA_FIELD_19,0CDG342G000000,118
EXTRA_FIELD_20,0CDG342G000000,118
EXTRA_FIELD_21,0CDG342G000000,118
EXTRA_FIELD_22,0CDG342G000000,118
EXTRA_FIELD_3,0CDG342G000000,118
EXTRA_FIELD_4,0CDG342G000000,118
EXTRA_FIELD_5,0CDG342G000000,118
EXTRA_FIELD_6,0CDG342G000000,118
EXTRA_FIELD_7,0CDG342G000000,118
EXTRA_FIELD_8,0CDG342G000000,118
EXTRA_FIELD_9,0CDG342G000000,118
date_hour,0CDG342G000000,118
date_mday,0CDG342G000000,118
date_minute,0CDG342G000000,118
date_month,0CDG342G000000,118
date_second,0CDG342G000000,118
date_wday,0CDG342G000000,118
date_year,0CDG342G000000,118
date_zone,0CDG342G000000,118
host,0CDG342G000000,118
linecount,0CDG342G000000,118
punct,0CDG342G000000,118
source,0CDG342G000000,118
sourcetype,0CDG342G000000,118
timeendpos,0CDG342G000000,118
timestartpos,0CDG342G000000,118
,0CDII7AG000000,75
41_850099098_ _87_678237962,0CDII7AG000000,75
87_678237962,0CDII7AG000000,75
EXTRA_FIELD_10,0CDII7AG000000,75
EXTRA_FIELD_11,0CDII7AG000000,75
EXTRA_FIELD_12,0CDII7AG000000,75
EXTRA_FIELD_13,0CDII7AG000000,75
EXTRA_FIELD_14,0CDII7AG000000,75
EXTRA_FIELD_15,0CDII7AG000000,75
EXTRA_FIELD_16,0CDII7AG000000,75
EXTRA_FIELD_17,0CDII7AG000000,75
EXTRA_FIELD_18,0CDII7AG000000,75
EXTRA_FIELD_19,0CDII7AG000000,75
EXTRA_FIELD_20,0CDII7AG000000,75
EXTRA_FIELD_21,0CDII7AG000000,75
EXTRA_FIELD_22,0CDII7AG000000,75
EXTRA_FIELD_3,0CDII7AG000000,75
EXTRA_FIELD_4,0CDII7AG000000,75
EXTRA_FIELD_5,0CDII7AG000000,75
EXTRA_FIELD_6,0CDII7AG000000,75
EXTRA_FIELD_7,0CDII7AG000000,75
EXTRA_FIELD_8,0CDII7AG000000,75
EXTRA_FIELD_9,0CDII7AG000000,75
date_hour,0CDII7AG000000,75
date_mday,0CDII7AG000000,75
date_minute,0CDII7AG000000,75
date_month,0CDII7AG000000,75
date_second,0CDII7AG000000,75
date_wday,0CDII7AG000000,75
date_year,0CDII7AG000000,75
date_zone,0CDII7AG000000,75
host,0CDII7AG000000,75
linecount,0CDII7AG000000,75
punct,0CDII7AG000000,75
source,0CDII7AG000000,75
sourcetype,0CDII7AG000000,75
timeendpos,0CDII7AG000000,75
timestartpos,0CDII7AG000000,75
,0CDL42F0000000,94
41_850099098_ _87_678237962,0CDL42F0000000,94
87_678237962,0CDL42F0000000,94
EXTRA_FIELD_10,0CDL42F0000000,94
EXTRA_FIELD_11,0CDL42F0000000,94
EXTRA_FIELD_12,0CDL42F0000000,94
EXTRA_FIELD_13,0CDL42F0000000,94
EXTRA_FIELD_14,0CDL42F0000000,94
EXTRA_FIELD_15,0CDL42F0000000,94
EXTRA_FIELD_16,0CDL42F0000000,94
EXTRA_FIELD_17,0CDL42F0000000,94
EXTRA_FIELD_18,0CDL42F0000000,94
EXTRA_FIELD_19,0CDL42F0000000,94
EXTRA_FIELD_20,0CDL42F0000000,94
EXTRA_FIELD_21,0CDL42F0000000,94
EXTRA_FIELD_22,0CDL42F0000000,94
EXTRA_FIELD_3,0CDL42F0000000,94
EXTRA_FIELD_4,0CDL42F0000000,94
EXTRA_FIELD_5,0CDL42F0000000,94
EXTRA_FIELD_6,0CDL42F0000000,94
EXTRA_FIELD_7,0CDL42F0000000,94
EXTRA_FIELD_8,0CDL42F0000000,94
EXTRA_FIELD_9,0CDL42F0000000,94
date_hour,0CDL42F0000000,94
date_mday,0CDL42F0000000,94
date_minute,0CDL42F0000000,94
date_month,0CDL42F0000000,94
date_second,0CDL42F0000000,94
date_wday,0CDL42F0000000,94
date_year,0CDL42F0000000,94
date_zone,0CDL42F0000000,94
host,0CDL42F0000000,94
linecount,0CDL42F0000000,94
punct,0CDL42F0000000,94
source,0CDL42F0000000,94
sourcetype,0CDL42F0000000,94
timeendpos,0CDL42F0000000,94
timestartpos,0CDL42F0000000,94
,0CDNJ5N0000000,169
41_850099098_ _87_678237962,0CDNJ5N0000000,169
87_678237962,0CDNJ5N0000000,169
EXTRA_FIELD_10,0CDNJ5N0000000,169
EXTRA_FIELD_11,0CDNJ5N0000000,169
EXTRA_FIELD_12,0CDNJ5N0000000,169
EXTRA_FIELD_13,0CDNJ5N0000000,169
EXTRA_FIELD_14,0CDNJ5N0000000,169
EXTRA_FIELD_15,0CDNJ5N0000000,169
EXTRA_FIELD_16,0CDNJ5N0000000,169
EXTRA_FIELD_17,0CDNJ5N0000000,169
EXTRA_FIELD_18,0CDNJ5N0000000,169
EXTRA_FIELD_19,0CDNJ5N0000000,169
EXTRA_FIELD_20,0CDNJ5N0000000,169
EXTRA_FIELD_21,0CDNJ5N0000000,169
EXTRA_FIELD_22,0CDNJ5N0000000,169
EXTRA_FIELD_3,0CDNJ5N0000000,169
EXTRA_FIELD_4,0CDNJ5N0000000,169
EXTRA_FIELD_5,0CDNJ5N0000000,169
EXTRA_FIELD_6,0CDNJ5N0000000,169
EXTRA_FIELD_7,0CDNJ5N0000000,169
EXTRA_FIELD_8,0CDNJ5N0000000,169
EXTRA_FIELD_9,0CDNJ5N0000000,169
date_hour,0CDNJ5N0000000,169
date_mday,0CDNJ5N0000000,169
date_minute,0CDNJ5N0000000,169
date_month,0CDNJ5N0000000,169
date_second,0CDNJ5N0000000,169
date_wday,0CDNJ5N0000000,169
date_year,0CDNJ5N0000000,169
date_zone,0CDNJ5N0000000,169
host,0CDNJ5N0000000,169
linecount,0CDNJ5N0000000,169
punct,0CDNJ5N0000000,169
source,0CDNJ5N0000000,169
sourcetype,0CDNJ5N0000000,169
timeendpos,0CDNJ5N0000000,169
timestartpos,0CDNJ5N0000000,169
,0CDQ4TB0000000,184
41_850099098_ _87_678237962,0CDQ4TB0000000,184
87_678237962,0CDQ4TB0000000,184
EXTRA_FIELD_10,0CDQ4TB0000000,184
EXTRA_FIELD_11,0CDQ4TB0000000,184
EXTRA_FIELD_12,0CDQ4TB0000000,184
EXTRA_FIELD_13,0CDQ4TB0000000,184
EXTRA_FIELD_14,0CDQ4TB0000000,184
EXTRA_FIELD_15,0CDQ4TB0000000,184
EXTRA_FIELD_16,0CDQ4TB0000000,184
EXTRA_FIELD_17,0CDQ4TB0000000,184
EXTRA_FIELD_18,0CDQ4TB0000000,184
EXTRA_FIELD_19,0CDQ4TB0000000,184
EXTRA_FIELD_20,0CDQ4TB0000000,184
EXTRA_FIELD_21,0CDQ4TB0000000,184
EXTRA_FIELD_22,0CDQ4TB0000000,184
EXTRA_FIELD_3,0CDQ4TB0000000,184
EXTRA_FIELD_4,0CDQ4TB0000000,184
EXTRA_FIELD_5,0CDQ4TB0000000,184
EXTRA_FIELD_6,0CDQ4TB0000000,184
EXTRA_FIELD_7,0CDQ4TB0000000,184
EXTRA_FIELD_8,0CDQ4TB0000000,184
EXTRA_FIELD_9,0CDQ4TB0000000,184
date_hour,0CDQ4TB0000000,184
date_mday,0CDQ4TB0000000,184
date_minute,0CDQ4TB0000000,184
date_month,0CDQ4TB0000000,184
date_second,0CDQ4TB0000000,184
date_wday,0CDQ4TB0000000,184
date_year,0CDQ4TB0000000,184
date_zone,0CDQ4TB0000000,184
host,0CDQ4TB0000000,184
linecount,0CDQ4TB0000000,184
punct,0CDQ4TB0000000,184
source,0CDQ4TB0000000,184
sourcetype,0CDQ4TB0000000,184
timeendpos,0CDQ4TB0000000,184
timestartpos,0CDQ4TB0000000,184
,0CDSMKV0000000,161
41_850099098_ _87_678237962,0CDSMKV0000000,161
87_678237962,0CDSMKV0000000,161
EXTRA_FIELD_10,0CDSMKV0000000,161
EXTRA_FIELD_11,0CDSMKV0000000,161
EXTRA_FIELD_12,0CDSMKV0000000,161
EXTRA_FIELD_13,0CDSMKV0000000,161
EXTRA_FIELD_14,0CDSMKV0000000,161
EXTRA_FIELD_15,0CDSMKV0000000,161
EXTRA_FIELD_16,0CDSMKV0000000,161
EXTRA_FIELD_17,0CDSMKV0000000,161
EXTRA_FIELD_18,0CDSMKV0000000,161
EXTRA_FIELD_19,0CDSMKV0000000,161
EXTRA_FIELD_20,0CDSMKV0000000,161
EXTRA_FIELD_21,0CDSMKV0000000,161
EXTRA_FIELD_22,0CDSMKV0000000,161
EXTRA_FIELD_3,0CDSMKV0000000,161
EXTRA_FIELD_4,0CDSMKV0000000,161
EXTRA_FIELD_5,0CDSMKV0000000,161
EXTRA_FIELD_6,0CDSMKV0000000,161
EXTRA_FIELD_7,0CDSMKV0000000,161
EXTRA_FIELD_8,0CDSMKV0000000,161
EXTRA_FIELD_9,0CDSMKV0000000,161
date_hour,0CDSMKV0000000,161
date_mday,0CDSMKV0000000,161
date_minute,0CDSMKV0000000,161
date_month,0CDSMKV0000000,161
date_second,0CDSMKV0000000,161
date_wday,0CDSMKV0000000,161
date_year,0CDSMKV0000000,161
date_zone,0CDSMKV0000000,161
host,0CDSMKV0000000,161
linecount,0CDSMKV0000000,161
punct,0CDSMKV0000000,161
source,0CDSMKV0000000,161
sourcetype,0CDSMKV0000000,161
timeendpos,0CDSMKV0000000,161
timestartpos,0CDSMKV0000000,161
,0CDV33R0000000,158
41_850099098_ _87_678237962,0CDV33R0000000,158
87_678237962,0CDV33R0000000,158
EXTRA_FIELD_10,0CDV33R0000000,158
EXTRA_FIELD_11,0CDV33R0000000,158
EXTRA_FIELD_12,0CDV33R0000000,158
EXTRA_FIELD_13,0CDV33R0000000,158
EXTRA_FIELD_14,0CDV33R0000000,158
EXTRA_FIELD_15,0CDV33R0000000,158
EXTRA_FIELD_16,0CDV33R0000000,158
EXTRA_FIELD_17,0CDV33R0000000,158
EXTRA_FIELD_18,0CDV33R0000000,158
EXTRA_FIELD_19,0CDV33R0000000,158
EXTRA_FIELD_20,0CDV33R0000000,158
EXTRA_FIELD_21,0CDV33R0000000,158
EXTRA_FIELD_22,0CDV33R0000000,158
EXTRA_FIELD_3,0CDV33R0000000,158
EXTRA_FIELD_4,0CDV33R0000000,158
EXTRA_FIELD_5,0CDV33R0000000,158
EXTRA_FIELD_6,0CDV33R0000000,158
EXTRA_FIELD_7,0CDV33R0000000,158
EXTRA_FIELD_8,0CDV33R0000000,158
EXTRA_FIELD_9,0CDV33R0000000,158
date_hour,0CDV33R0000000,158
date_mday,0CDV33R0000000,158
date_minute,0CDV33R0000000,158
date_month,0CDV33R0000000,158
date_second,0CDV33R0000000,158
date_wday,0CDV33R0000000,158
date_year,0CDV33R0000000,158
date_zone,0CDV33R0000000,158
host,0CDV33R0000000,158
linecount,0CDV33R0000000,158
punct,0CDV33R0000000,158
source,0CDV33R0000000,158
sourcetype,0CDV33R0000000,158
timeendpos,0CDV33R0000000,158
timestartpos,0CDV33R0000000,158
,0CE1KNUG000000,146
41_850099098_ _87_678237962,0CE1KNUG000000,146
87_678237962,0CE1KNUG000000,146
EXTRA_FIELD_10,0CE1KNUG000000,146
EXTRA_FIELD_11,0CE1KNUG000000,146
EXTRA_FIELD_12,0CE1KNUG000000,146
EXTRA_FIELD_13,0CE1KNUG000000,146
EXTRA_FIELD_14,0CE1KNUG000000,146
EXTRA_FIELD_15,0CE1KNUG000000,146
EXTRA_FIELD_16,0CE1KNUG000000,146
EXTRA_FIELD_17,0CE1KNUG000000,146
EXTRA_FIELD_18,0CE1KNUG000000,146
EXTRA_FIELD_19,0CE1KNUG000000,146
EXTRA_FIELD_20,0CE1KNUG000000,146
EXTRA_FIELD_21,0CE1KNUG000000,146
EXTRA_FIELD_22,0CE1KNUG000000,146
EXTRA_FIELD_3,0CE1KNUG000000,146
EXTRA_FIELD_4,0CE1KNUG000000,146
EXTRA_FIELD_5,0CE1KNUG000000,146
EXTRA_FIELD_6,0CE1KNUG000000,146
EXTRA_FIELD_7,0CE1KNUG000000,146
EXTRA_FIELD_8,0CE1KNUG000000,146
EXTRA_FIELD_9,0CE1KNUG000000,146
date_hour,0CE1KNUG000000,146
date_mday,0CE1KNUG000000,146
date_minute,0CE1KNUG000000,146
date_month,0CE1KNUG000000,146
date_second,0CE1KNUG000000,146
date_wday,0CE1KNUG000000,146
date_year,0CE1KNUG000000,146
date_zone,0CE1KNUG000000,146
host,0CE1KNUG000000,146
linecount,0CE1KNUG000000,146
punct,0CE1KNUG000000,146
source,0CE1KNUG000000,146
sourcetype,0CE1KNUG000000,146
timeendpos,0CE1KNUG000000,146
timestartpos,0CE1KNUG000000,146
,0CE43R6G000000,182
41_850099098_ _87_678237962,0CE43R6G000000,182
87_678237962,0CE43R6G000000,182
EXTRA_FIELD_10,0CE43R6G000000,182
EXTRA_FIELD_11,0CE43R6G000000,182
EXTRA_FIELD_12,0CE43R6G000000,182
EXTRA_FIELD_13,0CE43R6G000000,182
EXTRA_FIELD_14,0CE43R6G000000,182
EXTRA_FIELD_15,0CE43R6G000000,182
EXTRA_FIELD_16,0CE43R6G000000,182
EXTRA_FIELD_17,0CE43R6G000000,182
EXTRA_FIELD_18,0CE43R6G000000,182
EXTRA_FIELD_19,0CE43R6G000000,182
EXTRA_FIELD_20,0CE43R6G000000,182
EXTRA_FIELD_21,0CE43R6G000000,182
EXTRA_FIELD_22,0CE43R6G000000,182
EXTRA_FIELD_3,0CE43R6G000000,182
EXTRA_FIELD_4,0CE43R6G000000,182
EXTRA_FIELD_5,0CE43R6G000000,182
EXTRA_FIELD_6,0CE43R6G000000,182
EXTRA_FIELD_7,0CE43R6G000000,182
EXTRA_FIELD_8,0CE43R6G000000,182
EXTRA_FIELD_9,0CE43R6G000000,182
date_hour,0CE43R6G000000,182
date_mday,0CE43R6G000000,182
date_minute,0CE43R6G000000,182
date_month,0CE43R6G000000,182
date_second,0CE43R6G000000,182
date_wday,0CE43R6G000000,182
date_year,0CE43R6G000000,182
date_zone,0CE43R6G000000,182
host,0CE43R6G000000,182
linecount,0CE43R6G000000,182
punct,0CE43R6G000000,182
source,0CE43R6G000000,182
sourcetype,0CE43R6G000000,182
timeendpos,0CE43R6G000000,182
timestartpos,0CE43R6G000000,182
,0CE6LIQG000000,155
41_850099098_ _87_678237962,0CE6LIQG000000,155
87_678237962,0CE6LIQG000000,155
EXTRA_FIELD_10,0CE6LIQG000000,155
EXTRA_FIELD_11,0CE6LIQG000000,155
EXTRA_FIELD_12,0CE6LIQG000000,155
EXTRA_FIELD_13,0CE6LIQG000000,155
EXTRA_FIELD_14,0CE6LIQG000000,155
EXTRA_FIELD_15,0CE6LIQG000000,155
EXTRA_FIELD_16,0CE6LIQG000000,155
EXTRA_FIELD_17,0CE6LIQG000000,155
EXTRA_FIELD_18,0CE6LIQG000000,155
EXTRA_FIELD_19,0CE6LIQG000000,155
EXTRA_FIELD_20,0CE6LIQG000000,155
EXTRA_FIELD_21,0CE6LIQG000000,155
EXTRA_FIELD_22,0CE6LIQG000000,155
EXTRA_FIELD_3,0CE6LIQG000000,155
EXTRA_FIELD_4,0CE6LIQG000000,155
EXTRA_FIELD_5,0CE6LIQG000000,155
EXTRA_FIELD_6,0CE6LIQG000000,155
EXTRA_FIELD_7,0CE6LIQG000000,155
EXTRA_FIELD_8,0CE6LIQG000000,155
EXTRA_FIELD_9,0CE6LIQG000000,155
date_hour,0CE6LIQG000000,155
date_mday,0CE6LIQG000000,155
date_minute,0CE6LIQG000000,155
date_month,0CE6LIQG000000,155
date_second,0CE6LIQG000000,155
date_wday,0CE6LIQG000000,155
date_year,0CE6LIQG000000,155
date_zone,0CE6LIQG000000,155
host,0CE6LIQG000000,155
linecount,0CE6LIQG000000,155
punct,0CE6LIQG000000,155
source,0CE6LIQG000000,155
sourcetype,0CE6LIQG000000,155
timeendpos,0CE6LIQG000000,155
timestartpos,0CE6LIQG000000,155
,0CE94M2G000000,190
41_850099098_ _87_678237962,0CE94M2G000000,190
87_678237962,0CE94M2G000000,190
EXTRA_FIELD_10,0CE94M2G000000,190
EXTRA_FIELD_11,0CE94M2G000000,190
EXTRA_FIELD_12,0CE94M2G000000,190
EXTRA_FIELD_13,0CE94M2G000000,190
EXTRA_FIELD_14,0CE94M2G000000,190
EXTRA_FIELD_15,0CE94M2G000000,190
EXTRA_FIELD_16,0CE94M2G000000,190
EXTRA_FIELD_17,0CE94M2G000000,190
EXTRA_FIELD_18,0CE94M2G000000,190
EXTRA_FIELD_19,0CE94M2G000000,190
EXTRA_FIELD_20,0CE94M2G000000,190
EXTRA_FIELD_21,0CE94M2G000000,190
EXTRA_FIELD_22,0CE94M2G000000,190
EXTRA_FIELD_3,0CE94M2G000000,190
EXTRA_FIELD_4,0CE94M2G000000,190
EXTRA_FIELD_5,0CE94M2G000000,190
EXTRA_FIELD_6,0CE94M2G000000,190
EXTRA_FIELD_7,0CE94M2G000000,190
EXTRA_FIELD_8,0CE94M2G000000,190
EXTRA_FIELD_9,0CE94M2G000000,190
date_hour,0CE94M2G000000,190
date_mday,0CE94M2G000000,190
date_minute,0CE94M2G000000,190
date_month,0CE94M2G000000,190
date_second,0CE94M2G000000,190
date_wday,0CE94M2G000000,190
date_year,0CE94M2G000000,190
date_zone,0CE94M2G000000,190
host,0CE94M2G000000,190
linecount,0CE94M2G000000,190
punct,0CE94M2G000000,190
source,0CE94M2G000000,190
sourcetype,0CE94M2G000000,190
timeendpos,0CE94M2G000000,190
timestartpos,0CE94M2G000000,190
,0CEBMDMG000000,184
41_850099098_ _87_678237962,0CEBMDMG000000,184
87_678237962,0CEBMDMG000000,184
EXTRA_FIELD_10,0CEBMDMG000000,184
EXTRA_FIELD_11,0CEBMDMG000000,184
EXTRA_FIELD_12,0CEBMDMG000000,184
EXTRA_FIELD_13,0CEBMDMG000000,184
EXTRA_FIELD_14,0CEBMDMG000000,183
EXTRA_FIELD_15,0CEBMDMG000000,184
EXTRA_FIELD_16,0CEBMDMG000000,184
EXTRA_FIELD_17,0CEBMDMG000000,184
EXTRA_FIELD_18,0CEBMDMG000000,184
EXTRA_FIELD_19,0CEBMDMG000000,184
EXTRA_FIELD_20,0CEBMDMG000000,184
EXTRA_FIELD_21,0CEBMDMG000000,184
EXTRA_FIELD_22,0CEBMDMG000000,184
EXTRA_FIELD_3,0CEBMDMG000000,184
EXTRA_FIELD_4,0CEBMDMG000000,184
EXTRA_FIELD_5,0CEBMDMG000000,184
EXTRA_FIELD_6,0CEBMDMG000000,184
EXTRA_FIELD_7,0CEBMDMG000000,184
EXTRA_FIELD_8,0CEBMDMG000000,184
EXTRA_FIELD_9,0CEBMDMG000000,184
date_hour,0CEBMDMG000000,184
date_mday,0CEBMDMG000000,184
date_minute,0CEBMDMG000000,184
date_month,0CEBMDMG000000,184
date_second,0CEBMDMG000000,184
date_wday,0CEBMDMG000000,184
date_year,0CEBMDMG000000,184
date_zone,0CEBMDMG000000,184
host,0CEBMDMG000000,184
linecount,0CEBMDMG000000,184
punct,0CEBMDMG000000,184
source,0CEBMDMG000000,184
sourcetype,0CEBMDMG000000,184
timeendpos,0CEBMDMG000000,184
timestartpos,0CEBMDMG000000,184
,0CEE85AG000000,154
41_850099098_ _87_678237962,0CEE85AG000000,154
87_678237962,0CEE85AG000000,154
EXTRA_FIELD_10,0CEE85AG000000,154
EXTRA_FIELD_11,0CEE85AG000000,154
EXTRA_FIELD_12,0CEE85AG000000,154
EXTRA_FIELD_13,0CEE85AG000000,154
EXTRA_FIELD_14,0CEE85AG000000,154
EXTRA_FIELD_15,0CEE85AG000000,154
EXTRA_FIELD_16,0CEE85AG000000,154
EXTRA_FIELD_17,0CEE85AG000000,154
EXTRA_FIELD_18,0CEE85AG000000,154
EXTRA_FIELD_19,0CEE85AG000000,154
EXTRA_FIELD_20,0CEE85AG000000,154
EXTRA_FIELD_21,0CEE85AG000000,154
EXTRA_FIELD_22,0CEE85AG000000,154
EXTRA_FIELD_3,0CEE85AG000000,154
EXTRA_FIELD_4,0CEE85AG000000,154
EXTRA_FIELD_5,0CEE85AG000000,154
EXTRA_FIELD_6,0CEE85AG000000,154
EXTRA_FIELD_7,0CEE85AG000000,154
EXTRA_FIELD_8,0CEE85AG000000,154
EXTRA_FIELD_9,0CEE85AG000000,154
date_hour,0CEE85AG000000,154
date_mday,0CEE85AG000000,154
date_minute,0CEE85AG000000,154
date_month,0CEE85AG000000,154
date_second,0CEE85AG000000,154
date_wday,0CEE85AG000000,154
date_year,0CEE85AG000000,154
date_zone,0CEE85AG000000,154
host,0CEE85AG000000,154
linecount,0CEE85AG000000,154
punct,0CEE85AG000000,154
source,0CEE85AG000000,154
sourcetype,0CEE85AG000000,154
timeendpos,0CEE85AG000000,154
timestartpos,0CEE85AG000000,154
,0CEGN8IG000000,175
41_850099098_ _87_678237962,0CEGN8IG000000,175
87_678237962,0CEGN8IG000000,175
EXTRA_FIELD_10,0CEGN8IG000000,175
EXTRA_FIELD_11,0CEGN8IG000000,175
EXTRA_FIELD_12,0CEGN8IG000000,175
EXTRA_FIELD_13,0CEGN8IG000000,175
EXTRA_FIELD_14,0CEGN8IG000000,175
EXTRA_FIELD_15,0CEGN8IG000000,175
EXTRA_FIELD_16,0CEGN8IG000000,175
EXTRA_FIELD_17,0CEGN8IG000000,175
EXTRA_FIELD_18,0CEGN8IG000000,175
EXTRA_FIELD_19,0CEGN8IG000000,175
EXTRA_FIELD_20,0CEGN8IG000000,175
EXTRA_FIELD_21,0CEGN8IG000000,175
EXTRA_FIELD_22,0CEGN8IG000000,175
EXTRA_FIELD_3,0CEGN8IG000000,175
EXTRA_FIELD_4,0CEGN8IG000000,175
EXTRA_FIELD_5,0CEGN8IG000000,175
EXTRA_FIELD_6,0CEGN8IG000000,175
EXTRA_FIELD_7,0CEGN8IG000000,175
EXTRA_FIELD_8,0CEGN8IG000000,175
EXTRA_FIELD_9,0CEGN8IG000000,175
date_hour,0CEGN8IG000000,175
date_mday,0CEGN8IG000000,175
date_minute,0CEGN8IG000000,175
date_month,0CEGN8IG000000,175
date_second,0CEGN8IG000000,175
date_wday,0CEGN8IG000000,175
date_year,0CEGN8IG000000,175
date_zone,0CEGN8IG000000,175
host,0CEGN8IG000000,175
linecount,0CEGN8IG000000,175
punct,0CEGN8IG000000,175
source,0CEGN8IG000000,175
sourcetype,0CEGN8IG000000,175
timeendpos,0CEGN8IG000000,175
timestartpos,0CEGN8IG000000,175
,0CEJ93N0000000,150
41_850099098_ _87_678237962,0CEJ93N0000000,150
87_678237962,0CEJ93N0000000,150
EXTRA_FIELD_10,0CEJ93N0000000,150
EXTRA_FIELD_11,0CEJ93N0000000,150
EXTRA_FIELD_12,0CEJ93N0000000,150
EXTRA_FIELD_13,0CEJ93N0000000,150
EXTRA_FIELD_14,0CEJ93N0000000,150
EXTRA_FIELD_15,0CEJ93N0000000,150
EXTRA_FIELD_16,0CEJ93N0000000,150
EXTRA_FIELD_17,0CEJ93N0000000,150
EXTRA_FIELD_18,0CEJ93N0000000,150
EXTRA_FIELD_19,0CEJ93N0000000,150
EXTRA_FIELD_20,0CEJ93N0000000,150
EXTRA_FIELD_21,0CEJ93N0000000,150
EXTRA_FIELD_22,0CEJ93N0000000,150
EXTRA_FIELD_3,0CEJ93N0000000,150
EXTRA_FIELD_4,0CEJ93N0000000,150
EXTRA_FIELD_5,0CEJ93N0000000,150
EXTRA_FIELD_6,0CEJ93N0000000,150
EXTRA_FIELD_7,0CEJ93N0000000,150
EXTRA_FIELD_8,0CEJ93N0000000,150
EXTRA_FIELD_9,0CEJ93N0000000,150
date_hour,0CEJ93N0000000,150
date_mday,0CEJ93N0000000,150
date_minute,0CEJ93N0000000,150
date_month,0CEJ93N0000000,150
date_second,0CEJ93N0000000,150
date_wday,0CEJ93N0000000,150
date_year,0CEJ93N0000000,150
date_zone,0CEJ93N0000000,150
host,0CEJ93N0000000,150
linecount,0CEJ93N0000000,150
punct,0CEJ93N0000000,150
source,0CEJ93N0000000,150
sourcetype,0CEJ93N0000000,150
timeendpos,0CEJ93N0000000,150
timestartpos,0CEJ93N0000000,150
,0CELO6V0000000,163
41_850099098_ _87_678237962,0CELO6V0000000,163
87_678237962,0CELO6V0000000,163
EXTRA_FIELD_10,0CELO6V0000000,163
EXTRA_FIELD_11,0CELO6V0000000,163
EXTRA_FIELD_12,0CELO6V0000000,163
EXTRA_FIELD_13,0CELO6V0000000,163
EXTRA_FIELD_14,0CELO6V0000000,163
EXTRA_FIELD_15,0CELO6V0000000,163
EXTRA_FIELD_16,0CELO6V0000000,163
EXTRA_FIELD_17,0CELO6V0000000,163
EXTRA_FIELD_18,0CELO6V0000000,163
EXTRA_FIELD_19,0CELO6V0000000,163
EXTRA_FIELD_20,0CELO6V0000000,163
EXTRA_FIELD_21,0CELO6V0000000,163
EXTRA_FIELD_22,0CELO6V0000000,163
EXTRA_FIELD_3,0CELO6V0000000,163
EXTRA_FIELD_4,0CELO6V0000000,163
EXTRA_FIELD_5,0CELO6V0000000,163
EXTRA_FIELD_6,0CELO6V0000000,163
EXTRA_FIELD_7,0CELO6V0000000,163
EXTRA_FIELD_8,0CELO6V0000000,163
EXTRA_FIELD_9,0CELO6V0000000,163
date_hour,0CELO6V0000000,163
date_mday,0CELO6V0000000,163
date_minute,0CELO6V0000000,163
date_month,0CELO6V0000000,163
date_second,0CELO6V0000000,163
date_wday,0CELO6V0000000,163
date_year,0CELO6V0000000,163
date_zone,0CELO6V0000000,163
host,0CELO6V0000000,163
linecount,0CELO6V0000000,163
punct,0CELO6V0000000,163
source,0CELO6V0000000,163
sourcetype,0CELO6V0000000,163
timeendpos,0CELO6V0000000,163
timestartpos,0CELO6V0000000,163
,0CEO9UJ0000000,172
41_850099098_ _87_678237962,0CEO9UJ0000000,172
87_678237962,0CEO9UJ0000000,172
EXTRA_FIELD_10,0CEO9UJ0000000,172
EXTRA_FIELD_11,0CEO9UJ0000000,172
EXTRA_FIELD_12,0CEO9UJ0000000,172
EXTRA_FIELD_13,0CEO9UJ0000000,172
EXTRA_FIELD_14,0CEO9UJ0000000,172
EXTRA_FIELD_15,0CEO9UJ0000000,172
EXTRA_FIELD_16,0CEO9UJ0000000,172
EXTRA_FIELD_17,0CEO9UJ0000000,172
EXTRA_FIELD_18,0CEO9UJ0000000,172
EXTRA_FIELD_19,0CEO9UJ0000000,172
EXTRA_FIELD_20,0CEO9UJ0000000,172
EXTRA_FIELD_21,0CEO9UJ0000000,172
EXTRA_FIELD_22,0CEO9UJ0000000,172
EXTRA_FIELD_3,0CEO9UJ0000000,172
EXTRA_FIELD_4,0CEO9UJ0000000,172
EXTRA_FIELD_5,0CEO9UJ0000000,172
EXTRA_FIELD_6,0CEO9UJ0000000,172
EXTRA_FIELD_7,0CEO9UJ0000000,172
EXTRA_FIELD_8,0CEO9UJ0000000,172
EXTRA_FIELD_9,0CEO9UJ0000000,172
date_hour,0CEO9UJ0000000,172
date_mday,0CEO9UJ0000000,172
date_minute,0CEO9UJ0000000,172
date_month,0CEO9UJ0000000,172
date_second,0CEO9UJ0000000,172
date_wday,0CEO9UJ0000000,172
date_year,0CEO9UJ0000000,172
date_zone,0CEO9UJ0000000,172
host,0CEO9UJ0000000,172
linecount,0CEO9UJ0000000,172
punct,0CEO9UJ0000000,172
source,0CEO9UJ0000000,172
sourcetype,0CEO9UJ0000000,172
timeendpos,0CEO9UJ0000000,172
timestartpos,0CEO9UJ0000000,172
,0CEQRM70000000,155
41_850099098_ _87_678237962,0CEQRM70000000,155
87_678237962,0CEQRM70000000,155
EXTRA_FIELD_10,0CEQRM70000000,155
EXTRA_FIELD_11,0CEQRM70000000,155
EXTRA_FIELD_12,0CEQRM70000000,155
EXTRA_FIELD_13,0CEQRM70000000,155
EXTRA_FIELD_14,0CEQRM70000000,155
EXTRA_FIELD_15,0CEQRM70000000,155
EXTRA_FIELD_16,0CEQRM70000000,155
EXTRA_FIELD_17,0CEQRM70000000,155
EXTRA_FIELD_18,0CEQRM70000000,155
EXTRA_FIELD_19,0CEQRM70000000,155
EXTRA_FIELD_20,0CEQRM70000000,155
EXTRA_FIELD_21,0CEQRM70000000,155
EXTRA_FIELD_22,0CEQRM70000000,155
EXTRA_FIELD_3,0CEQRM70000000,155
EXTRA_FIELD_4,0CEQRM70000000,155
EXTRA_FIELD_5,0CEQRM70000000,155
EXTRA_FIELD_6,0CEQRM70000000,155
EXTRA_FIELD_7,0CEQRM70000000,155
EXTRA_FIELD_8,0CEQRM70000000,155
EXTRA_FIELD_9,0CEQRM70000000,155
date_hour,0CEQRM70000000,155
date_mday,0CEQRM70000000,155
date_minute,0CEQRM70000000,155
date_month,0CEQRM70000000,155
date_second,0CEQRM70000000,155
date_wday,0CEQRM70000000,155
date_year,0CEQRM70000000,155
date_zone,0CEQRM70000000,155
host,0CEQRM70000000,155
linecount,0CEQRM70000000,155
punct,0CEQRM70000000,155
source,0CEQRM70000000,155
sourcetype,0CEQRM70000000,155
timeendpos,0CEQRM70000000,155
timestartpos,0CEQRM70000000,155
,0CET5GN0000000,95
41_850099098_ _87_678237962,0CET5GN0000000,95
87_678237962,0CET5GN0000000,95
EXTRA_FIELD_10,0CET5GN0000000,95
EXTRA_FIELD_11,0CET5GN0000000,95
EXTRA_FIELD_12,0CET5GN0000000,95
EXTRA_FIELD_13,0CET5GN0000000,95
EXTRA_FIELD_14,0CET5GN0000000,95
EXTRA_FIELD_15,0CET5GN0000000,95
EXTRA_FIELD_16,0CET5GN0000000,95
EXTRA_FIELD_17,0CET5GN0000000,95
EXTRA_FIELD_18,0CET5GN0000000,95
EXTRA_FIELD_19,0CET5GN0000000,95
EXTRA_FIELD_20,0CET5GN0000000,95
EXTRA_FIELD_21,0CET5GN0000000,95
EXTRA_FIELD_22,0CET5GN0000000,95
EXTRA_FIELD_3,0CET5GN0000000,95
EXTRA_FIELD_4,0CET5GN0000000,95
EXTRA_FIELD_5,0CET5GN0000000,95
EXTRA_FIELD_6,0CET5GN0000000,95
EXTRA_FIELD_7,0CET5GN0000000,95
EXTRA_FIELD_8,0CET5GN0000000,95
EXTRA_FIELD_9,0CET5GN0000000,95
date_hour,0CET5GN0000000,95
date_mday,0CET5GN0000000,95
date_minute,0CET5GN0000000,95
date_month,0CET5GN0000000,95
date_second,0CET5GN0000000,95
date_wday,0CET5GN0000000,95
date_year,0CET5GN0000000,95
date_zone,0CET5GN0000000,95
host,0CET5GN0000000,95
linecount,0CET5GN0000000,95
punct,0CET5GN0000000,95
source,0CET5GN0000000,95
sourcetype,0CET5GN0000000,95
timeendpos,0CET5GN0000000,95
timestartpos,0CET5GN0000000,95
,0CEVN4QG000000,79
41_850099098_ _87_678237962,0CEVN4QG000000,79
87_678237962,0CEVN4QG000000,79
EXTRA_FIELD_10,0CEVN4QG000000,79
EXTRA_FIELD_11,0CEVN4QG000000,79
EXTRA_FIELD_12,0CEVN4QG000000,79
EXTRA_FIELD_13,0CEVN4QG000000,79
EXTRA_FIELD_14,0CEVN4QG000000,79
EXTRA_FIELD_15,0CEVN4QG000000,79
EXTRA_FIELD_16,0CEVN4QG000000,79
EXTRA_FIELD_17,0CEVN4QG000000,79
EXTRA_FIELD_18,0CEVN4QG000000,79
EXTRA_FIELD_19,0CEVN4QG000000,79
EXTRA_FIELD_20,0CEVN4QG000000,79
EXTRA_FIELD_21,0CEVN4QG000000,79
EXTRA_FIELD_22,0CEVN4QG000000,79
EXTRA_FIELD_3,0CEVN4QG000000,79
EXTRA_FIELD_4,0CEVN4QG000000,79
EXTRA_FIELD_5,0CEVN4QG000000,79
EXTRA_FIELD_6,0CEVN4QG000000,79
EXTRA_FIELD_7,0CEVN4QG000000,79
EXTRA_FIELD_8,0CEVN4QG000000,79
EXTRA_FIELD_9,0CEVN4QG000000,79
date_hour,0CEVN4QG000000,79
date_mday,0CEVN4QG000000,79
date_minute,0CEVN4QG000000,79
date_month,0CEVN4QG000000,79
date_second,0CEVN4QG000000,79
date_wday,0CEVN4QG000000,79
date_year,0CEVN4QG000000,79
date_zone,0CEVN4QG000000,79
host,0CEVN4QG000000,79
linecount,0CEVN4QG000000,79
punct,0CEVN4QG000000,79
source,0CEVN4QG000000,79
sourcetype,0CEVN4QG000000,79
timeendpos,0CEVN4QG000000,79
timestartpos,0CEVN4QG000000,79
,0CF2682G000000,80
41_850099098_ _87_678237962,0CF2682G000000,80
87_678237962,0CF2682G000000,80
EXTRA_FIELD_10,0CF2682G000000,80
EXTRA_FIELD_11,0CF2682G000000,80
EXTRA_FIELD_12,0CF2682G000000,80
EXTRA_FIELD_13,0CF2682G000000,80
EXTRA_FIELD_14,0CF2682G000000,80
EXTRA_FIELD_15,0CF2682G000000,80
EXTRA_FIELD_16,0CF2682G000000,80
EXTRA_FIELD_17,0CF2682G000000,80
EXTRA_FIELD_18,0CF2682G000000,80
EXTRA_FIELD_19,0CF2682G000000,80
EXTRA_FIELD_20,0CF2682G000000,80
EXTRA_FIELD_21,0CF2682G000000,80
EXTRA_FIELD_22,0CF2682G000000,80
EXTRA_FIELD_3,0CF2682G000000,80
EXTRA_FIELD_4,0CF2682G000000,80
EXTRA_FIELD_5,0CF2682G000000,80
EXTRA_FIELD_6,0CF2682G000000,80
EXTRA_FIELD_7,0CF2682G000000,80
EXTRA_FIELD_8,0CF2682G000000,80
EXTRA_FIELD_9,0CF2682G000000,80
date_hour,0CF2682G000000,80
date_mday,0CF2682G000000,80
date_minute,0CF2682G000000,80
date_month,0CF2682G000000,80
date_second,0CF2682G000000,80
date_wday,0CF2682G000000,80
date_year,0CF2682G000000,80
date_zone,0CF2682G000000,80
host,0CF2682G000000,80
linecount,0CF2682G000000,80
punct,0CF2682G000000,80
source,0CF2682G000000,80
sourcetype,0CF2682G000000,80
timeendpos,0CF2682G000000,80
timestartpos,0CF2682G000000,80
,0CF4NVMG000000,32
41_850099098_ _87_678237962,0CF4NVMG000000,32
87_678237962,0CF4NVMG000000,32
EXTRA_FIELD_10,0CF4NVMG000000,32
EXTRA_FIELD_11,0CF4NVMG000000,32
EXTRA_FIELD_12,0CF4NVMG000000,32
EXTRA_FIELD_13,0CF4NVMG000000,32
EXTRA_FIELD_14,0CF4NVMG000000,32
EXTRA_FIELD_15,0CF4NVMG000000,32
EXTRA_FIELD_16,0CF4NVMG000000,32
EXTRA_FIELD_17,0CF4NVMG000000,32
EXTRA_FIELD_18,0CF4NVMG000000,32
EXTRA_FIELD_19,0CF4NVMG000000,32
EXTRA_FIELD_20,0CF4NVMG000000,32
EXTRA_FIELD_21,0CF4NVMG000000,32
EXTRA_FIELD_22,0CF4NVMG000000,32
EXTRA_FIELD_3,0CF4NVMG000000,32
EXTRA_FIELD_4,0CF4NVMG000000,32
EXTRA_FIELD_5,0CF4NVMG000000,32
EXTRA_FIELD_6,0CF4NVMG000000,32
EXTRA_FIELD_7,0CF4NVMG000000,32
EXTRA_FIELD_8,0CF4NVMG000000,32
EXTRA_FIELD_9,0CF4NVMG000000,32
date_hour,0CF4NVMG000000,32
date_mday,0CF4NVMG000000,32
date_minute,0CF4NVMG000000,32
date_month,0CF4NVMG000000,32
date_second,0CF4NVMG000000,32
date_wday,0CF4NVMG000000,32
date_year,0CF4NVMG000000,32
date_zone,0CF4NVMG000000,32
host,0CF4NVMG000000,32
linecount,0CF4NVMG000000,32
punct,0CF4NVMG000000,32
source,0CF4NVMG000000,32
sourcetype,0CF4NVMG000000,32
timeendpos,0CF4NVMG000000,32
timestartpos,0CF4NVMG000000,32
