timestamp,threat_src_ip,threat_dest_ip,threat_type,threat_status,network_ip,network_type,device_type
1659312000,202.236.255.160,37.216.171.101,origin,detected,,,
1659340800,55.253.83.181,141.20.243.217,origin,mitigated,,,
1659369600,207.88.11.238,120.140.35.130,origin,mitigated,,,
1659398400,30.29.160.213,19.109.245.203,origin,detected,,,
1659427200,3.124.241.253,45.232.249.117,origin,mitigated,,,
1659456000,132.97.31.60,123.48.202.24,origin,mitigated,,,
1659484800,10.73.209.139,47.160.198.170,origin,detected,,,
1659513600,30.94.79.153,207.26.168.91,origin,mitigated,,,
1659542400,135.93.219.119,101.119.67.237,origin,mitigated,,,
1659571200,184.94.230.44,233.130.251.184,origin,detected,,,
1659600000,79.49.214.38,90.115.110.41,origin,mitigated,,,
1659628800,46.12.11.251,26.111.176.248,origin,mitigated,,,
1659657600,133.120.59.186,73.140.0.218,origin,detected,,,
1659686400,210.144.71.41,100.40.70.64,origin,mitigated,,,
1659715200,55.28.164.58,16.44.115.193,origin,mitigated,,,
1659744000,63.101.211.52,128.53.218.45,origin,detected,,,
1659772800,233.244.26.67,233.169.43.36,origin,mitigated,,,
1659801600,69.99.184.100,138.187.173.143,origin,mitigated,,,
1659830400,234.71.150.218,115.21.10.244,origin,detected,,,
1659859200,9.44.202.54,234.15.250.41,origin,mitigated,,,
1659888000,81.214.174.216,210.108.148.64,origin,mitigated,,,
1659916800,161.201.122.203,49.36.60.153,origin,detected,,,
1659945600,115.62.226.175,129.202.188.167,origin,mitigated,,,
1659974400,229.25.236.138,147.95.31.83,origin,mitigated,,,
1660003200,223.242.252.62,195.34.253.175,origin,detected,,,
1660032000,254.74.205.174,244.146.93.234,origin,mitigated,,,
1660060800,193.164.190.167,37.13.49.180,origin,mitigated,,,
1660089600,24.75.23.230,138.213.137.51,origin,detected,,,
1660118400,243.105.102.50,160.76.127.60,origin,mitigated,,,
1660147200,13.169.224.58,132.193.7.46,origin,mitigated,,,
1660176000,217.111.198.161,102.72.234.235,origin,detected,,,
1660204800,73.2.64.213,209.159.87.73,origin,mitigated,,,
1660233600,125.192.149.164,210.80.162.158,origin,mitigated,,,
1660262400,252.155.53.3,71.59.7.53,origin,detected,,,
1660291200,89.87.18.200,219.94.57.250,origin,mitigated,,,
1660320000,209.242.180.11,132.160.108.208,origin,mitigated,,,
1660348800,54.24.193.142,61.164.128.239,origin,detected,,,
1660377600,166.58.243.142,136.158.12.41,origin,mitigated,,,
1660406400,4.81.165.17,132.27.8.158,origin,mitigated,,,
1660435200,171.11.236.183,164.39.117.182,origin,detected,,,
1660464000,58.47.106.134,246.203.163.66,origin,mitigated,,,
1660492800,158.90.159.74,2.30.245.149,origin,mitigated,,,
1660521600,12.151.12.237,40.80.148.42,origin,detected,,,
1660550400,63.156.113.229,182.98.237.62,origin,mitigated,,,
1660579200,201.132.187.255,186.87.105.155,origin,mitigated,,,
1660608000,116.196.96.8,141.216.69.107,origin,detected,,,
1660636800,215.13.242.82,202.191.50.180,origin,mitigated,,,
1660665600,152.148.76.98,240.34.139.195,origin,mitigated,,,
1660694400,173.7.138.88,118.178.236.243,origin,detected,,,
1660723200,118.225.177.202,64.254.187.113,origin,mitigated,,,
1660752000,150.213.139.95,153.189.197.200,origin,mitigated,,,
1660780800,191.33.231.116,209.200.186.53,origin,detected,,,
1660809600,106.217.76.203,60.189.8.166,origin,mitigated,,,
1660838400,137.130.43.167,13.111.69.46,origin,mitigated,,,
1660867200,61.133.219.153,175.15.118.172,origin,detected,,,
1660896000,168.187.108.197,59.237.64.216,origin,mitigated,,,
1660924800,14.52.181.7,36.137.11.101,origin,mitigated,,,
1660953600,33.11.191.113,101.134.233.185,origin,detected,,,
1660982400,126.139.41.253,217.217.192.204,origin,mitigated,,,
1661011200,38.59.119.255,18.100.156.203,origin,mitigated,,,
1661040000,98.250.240.5,111.197.91.157,origin,detected,,,
1661068800,188.231.160.228,5.133.155.247,origin,mitigated,,,
1661097600,144.190.223.12,8.196.231.155,origin,mitigated,,,
1661126400,16.2.80.244,92.172.93.58,origin,detected,,,
1661155200,35.191.70.92,202.109.74.80,origin,mitigated,,,
1661184000,42.25.198.253,100.39.191.25,origin,mitigated,,,
1661212800,226.86.179.212,161.147.238.194,origin,detected,,,
1661241600,40.91.139.193,200.219.65.216,origin,mitigated,,,
1661270400,205.24.244.201,17.182.155.20,origin,mitigated,,,
1661299200,103.47.183.90,236.136.90.128,origin,detected,,,
1661328000,184.154.234.135,8.125.96.29,origin,mitigated,,,
1661356800,203.253.255.64,34.161.255.166,origin,mitigated,,,
1661385600,135.216.244.118,196.122.84.182,origin,detected,,,
1661414400,235.203.129.63,141.125.254.45,origin,mitigated,,,
1661443200,157.37.26.164,108.192.125.187,origin,mitigated,,,
1661472000,234.23.9.27,46.34.254.211,origin,detected,,,
1661500800,223.45.172.192,106.118.249.119,origin,mitigated,,,
1661529600,155.71.99.115,37.213.250.128,origin,mitigated,,,
1661558400,210.242.98.111,231.222.222.46,origin,detected,,,
1661587200,99.51.53.95,185.122.133.63,origin,mitigated,,,
1661616000,52.3.215.60,182.134.190.38,origin,mitigated,,,
1661644800,149.4.135.81,158.183.4.71,origin,detected,,,
1661673600,127.240.120.211,200.75.168.110,origin,mitigated,,,
1661702400,181.222.60.187,245.112.171.209,origin,mitigated,,,
1661731200,191.75.34.216,34.94.101.11,origin,detected,,,
1661760000,59.65.79.145,152.84.187.189,origin,mitigated,,,
1661788800,52.125.118.93,116.130.244.241,origin,mitigated,,,
1661817600,182.87.23.17,252.42.178.173,origin,detected,,,
1661846400,163.227.110.221,148.209.224.94,origin,mitigated,,,
1661875200,139.200.213.68,164.214.42.89,origin,mitigated,,,
1661904000,210.160.167.113,72.56.24.219,origin,detected,,,
1661932800,157.1.197.106,150.105.121.83,origin,mitigated,,,
1661961600,165.232.198.249,76.70.193.29,origin,mitigated,,,
1661990400,80.127.214.129,15.88.35.41,origin,detected,,,
1662019200,130.99.194.178,239.183.52.179,origin,mitigated,,,
1662048000,72.3.155.123,161.172.78.106,origin,mitigated,,,
1662076800,125.65.5.19,50.143.62.88,origin,detected,,,
1662105600,142.25.2.55,152.173.2.185,origin,mitigated,,,
1662134400,234.183.110.223,39.124.117.33,origin,mitigated,,,
1662163200,139.162.110.135,154.115.231.4,origin,detected,,,
1659312000,202.236.255.160,37.216.171.101,target,detected,,,
1659340800,55.253.83.181,141.20.243.217,target,mitigated,,,
1659369600,207.88.11.238,120.140.35.130,target,mitigated,,,
1659398400,30.29.160.213,19.109.245.203,target,detected,,,
1659427200,3.124.241.253,45.232.249.117,target,mitigated,,,
1659456000,132.97.31.60,123.48.202.24,target,mitigated,,,
1659484800,10.73.209.139,47.160.198.170,target,detected,,,
1659513600,30.94.79.153,207.26.168.91,target,mitigated,,,
1659542400,135.93.219.119,101.119.67.237,target,mitigated,,,
1659571200,184.94.230.44,233.130.251.184,target,detected,,,
1659600000,79.49.214.38,90.115.110.41,target,mitigated,,,
1659628800,46.12.11.251,26.111.176.248,target,mitigated,,,
1659657600,133.120.59.186,73.140.0.218,target,detected,,,
1659686400,210.144.71.41,100.40.70.64,target,mitigated,,,
1659715200,55.28.164.58,16.44.115.193,target,mitigated,,,
1659744000,63.101.211.52,128.53.218.45,target,detected,,,
1659772800,233.244.26.67,233.169.43.36,target,mitigated,,,
1659801600,69.99.184.100,138.187.173.143,target,mitigated,,,
1659830400,234.71.150.218,115.21.10.244,target,detected,,,
1659859200,9.44.202.54,234.15.250.41,target,mitigated,,,
1659888000,81.214.174.216,210.108.148.64,target,mitigated,,,
1659916800,161.201.122.203,49.36.60.153,target,detected,,,
1659945600,115.62.226.175,129.202.188.167,target,mitigated,,,
1659974400,229.25.236.138,147.95.31.83,target,mitigated,,,
1660003200,223.242.252.62,195.34.253.175,target,detected,,,
1660032000,254.74.205.174,244.146.93.234,target,mitigated,,,
1660060800,193.164.190.167,37.13.49.180,target,mitigated,,,
1660089600,24.75.23.230,138.213.137.51,target,detected,,,
1660118400,243.105.102.50,160.76.127.60,target,mitigated,,,
1660147200,13.169.224.58,132.193.7.46,target,mitigated,,,
1660176000,217.111.198.161,102.72.234.235,target,detected,,,
1660204800,73.2.64.213,209.159.87.73,target,mitigated,,,
1660233600,125.192.149.164,210.80.162.158,target,mitigated,,,
1660262400,252.155.53.3,71.59.7.53,target,detected,,,
1660291200,89.87.18.200,219.94.57.250,target,mitigated,,,
1660320000,209.242.180.11,132.160.108.208,target,mitigated,,,
1660348800,54.24.193.142,61.164.128.239,target,detected,,,
1660377600,166.58.243.142,136.158.12.41,target,mitigated,,,
1660406400,4.81.165.17,132.27.8.158,target,mitigated,,,
1660435200,171.11.236.183,164.39.117.182,target,detected,,,
1660464000,58.47.106.134,246.203.163.66,target,mitigated,,,
1660492800,158.90.159.74,2.30.245.149,target,mitigated,,,
1660521600,12.151.12.237,40.80.148.42,target,detected,,,
1660550400,63.156.113.229,182.98.237.62,target,mitigated,,,
1660579200,201.132.187.255,186.87.105.155,target,mitigated,,,
1660608000,116.196.96.8,141.216.69.107,target,detected,,,
1660636800,215.13.242.82,202.191.50.180,target,mitigated,,,
1660665600,152.148.76.98,240.34.139.195,target,mitigated,,,
1660694400,173.7.138.88,118.178.236.243,target,detected,,,
1660723200,118.225.177.202,64.254.187.113,target,mitigated,,,
1660752000,150.213.139.95,153.189.197.200,target,mitigated,,,
1660780800,191.33.231.116,209.200.186.53,target,detected,,,
1660809600,106.217.76.203,60.189.8.166,target,mitigated,,,
1660838400,137.130.43.167,13.111.69.46,target,mitigated,,,
1660867200,61.133.219.153,175.15.118.172,target,detected,,,
1660896000,168.187.108.197,59.237.64.216,target,mitigated,,,
1660924800,14.52.181.7,36.137.11.101,target,mitigated,,,
1660953600,33.11.191.113,101.134.233.185,target,detected,,,
1660982400,126.139.41.253,217.217.192.204,target,mitigated,,,
1661011200,38.59.119.255,18.100.156.203,target,mitigated,,,
1661040000,98.250.240.5,111.197.91.157,target,detected,,,
1661068800,188.231.160.228,5.133.155.247,target,mitigated,,,
1661097600,144.190.223.12,8.196.231.155,target,mitigated,,,
1661126400,16.2.80.244,92.172.93.58,target,detected,,,
1661155200,35.191.70.92,202.109.74.80,target,mitigated,,,
1661184000,42.25.198.253,100.39.191.25,target,mitigated,,,
1661212800,226.86.179.212,161.147.238.194,target,detected,,,
1661241600,40.91.139.193,200.219.65.216,target,mitigated,,,
1661270400,205.24.244.201,17.182.155.20,target,mitigated,,,
1661299200,103.47.183.90,236.136.90.128,target,detected,,,
1661328000,184.154.234.135,8.125.96.29,target,mitigated,,,
1661356800,203.253.255.64,34.161.255.166,target,mitigated,,,
1661385600,135.216.244.118,196.122.84.182,target,detected,,,
1661414400,235.203.129.63,141.125.254.45,target,mitigated,,,
1661443200,157.37.26.164,108.192.125.187,target,mitigated,,,
1661472000,234.23.9.27,46.34.254.211,target,detected,,,
1661500800,223.45.172.192,106.118.249.119,target,mitigated,,,
1661529600,155.71.99.115,37.213.250.128,target,mitigated,,,
1661558400,210.242.98.111,231.222.222.46,target,detected,,,
1661587200,99.51.53.95,185.122.133.63,target,mitigated,,,
1661616000,52.3.215.60,182.134.190.38,target,mitigated,,,
1661644800,149.4.135.81,158.183.4.71,target,detected,,,
1661673600,127.240.120.211,200.75.168.110,target,mitigated,,,
1661702400,181.222.60.187,245.112.171.209,target,mitigated,,,
1661731200,191.75.34.216,34.94.101.11,target,detected,,,
1661760000,59.65.79.145,152.84.187.189,target,mitigated,,,
1661788800,52.125.118.93,116.130.244.241,target,mitigated,,,
1661817600,182.87.23.17,252.42.178.173,target,detected,,,
1661846400,163.227.110.221,148.209.224.94,target,mitigated,,,
1661875200,139.200.213.68,164.214.42.89,target,mitigated,,,
1661904000,210.160.167.113,72.56.24.219,target,detected,,,
1661932800,157.1.197.106,150.105.121.83,target,mitigated,,,
1661961600,165.232.198.249,76.70.193.29,target,mitigated,,,
1661990400,80.127.214.129,15.88.35.41,target,detected,,,
1662019200,130.99.194.178,239.183.52.179,target,mitigated,,,
1662048000,72.3.155.123,161.172.78.106,target,mitigated,,,
1662076800,125.65.5.19,50.143.62.88,target,detected,,,
1662105600,142.25.2.55,152.173.2.185,target,mitigated,,,
1662134400,234.183.110.223,39.124.117.33,target,mitigated,,,
1662163200,139.162.110.135,154.115.231.4,target,detected,,,
1661990294,,,,,186.52.124.167,employee_office,computer
1661987229,,,,,70.16.153.191,employee_office,mobile
1661985849,,,,,116.132.32.67,employee_remote,computer
1661982598,,,,,211.16.15.43,employee_remote,mobile
1661981454,,,,,222.195.25.250,employee_remote,mobile
1661980043,,,,,8.254.171.63,contingent_office,computer
1661978118,,,,,79.168.89.246,contingent_remote,computer
1661974254,,,,,174.162.155.185,contingent_remote,mobile
1661974786,,,,,238.123.123.246,visitor_office,mobile
1661972399,,,,,216.124.129.99,employee_office,computer
1661971387,,,,,10.88.202.121,employee_office,mobile
1661970291,,,,,57.24.216.58,employee_remote,computer
1661968073,,,,,222.120.224.115,employee_remote,mobile
1661964778,,,,,161.170.34.179,employee_remote,mobile
1661964735,,,,,61.171.226.181,contingent_office,computer
1661962753,,,,,224.59.30.126,contingent_remote,computer
1661960071,,,,,43.24.196.246,contingent_remote,mobile
1661957955,,,,,237.44.149.147,visitor_office,computer
1661955619,,,,,83.239.173.219,employee_office,computer
1661952970,,,,,12.253.210.196,employee_office,mobile
1661952671,,,,,211.233.173.62,employee_remote,computer
1661951562,,,,,29.204.57.7,employee_remote,mobile
1661947983,,,,,107.96.164.202,employee_remote,mobile
1661947084,,,,,55.199.128.19,contingent_office,computer
1661944930,,,,,192.212.128.48,contingent_remote,computer
1661944856,,,,,49.231.65.28,contingent_remote,mobile
1661941324,,,,,199.203.88.168,visitor_office,mobile
1661940486,,,,,232.233.31.180,employee_office,computer
1661938208,,,,,20.214.175.240,employee_office,mobile
1661937658,,,,,22.146.63.7,employee_remote,computer
1661936118,,,,,196.249.169.224,employee_remote,mobile
1661933861,,,,,91.30.197.250,employee_remote,mobile
1661929544,,,,,37.38.105.157,contingent_office,computer
1661928887,,,,,8.66.21.154,contingent_remote,computer
1661929200,,,,,184.1.227.234,contingent_remote,mobile
1661925288,,,,,188.196.237.218,visitor_office,computer
1661924646,,,,,146.26.9.60,employee_office,computer
1661922038,,,,,163.93.41.148,employee_office,mobile
1661919538,,,,,21.11.67.248,employee_remote,computer
1661918921,,,,,5.175.115.70,employee_remote,mobile
1661918160,,,,,239.167.101.98,employee_remote,mobile
1661913841,,,,,21.131.54.104,contingent_office,computer
1661913376,,,,,131.159.44.185,contingent_remote,computer
1661910254,,,,,173.132.63.35,contingent_remote,mobile
1661909467,,,,,117.22.92.166,visitor_office,mobile
1661908004,,,,,18.13.179.80,employee_office,computer
1661904993,,,,,253.21.214.53,employee_office,mobile
1661903850,,,,,13.202.208.52,employee_remote,computer
1661900557,,,,,26.209.69.194,employee_remote,mobile
1661901395,,,,,102.59.127.41,employee_remote,mobile
1661898194,,,,,165.66.229.90,contingent_office,computer
1661895466,,,,,51.99.126.154,contingent_remote,computer
1661894264,,,,,147.104.186.28,contingent_remote,mobile
1661891510,,,,,30.176.254.4,visitor_office,computer
1661892912,,,,,14.221.43.51,employee_office,computer
1661889341,,,,,109.62.131.16,employee_office,mobile
1661888233,,,,,225.193.19.180,employee_remote,computer
1661884443,,,,,19.166.130.228,employee_remote,mobile
1661884149,,,,,101.150.27.235,employee_remote,mobile
1661882870,,,,,241.116.121.186,contingent_office,computer
1661879286,,,,,95.131.195.91,contingent_remote,computer
1661879476,,,,,31.226.2.34,contingent_remote,mobile
1661878509,,,,,185.225.133.213,visitor_office,mobile
1661875064,,,,,141.226.103.54,employee_office,computer
1661875144,,,,,90.206.52.77,employee_office,mobile
1661873347,,,,,231.24.241.64,employee_remote,computer
1661870800,,,,,39.220.178.16,employee_remote,mobile
1661866853,,,,,96.63.153.78,employee_remote,mobile
1661866498,,,,,21.208.227.244,contingent_office,computer
1661862715,,,,,79.227.169.230,contingent_remote,computer
1661862813,,,,,255.195.109.124,contingent_remote,mobile
1661862431,,,,,209.236.190.57,visitor_office,computer
1661858310,,,,,240.162.105.97,employee_office,computer
1661857671,,,,,219.114.167.78,employee_office,mobile
1661855132,,,,,82.139.145.208,employee_remote,computer
1661853471,,,,,245.82.15.161,employee_remote,mobile
1661851239,,,,,148.36.105.88,employee_remote,mobile
1661850783,,,,,111.56.7.119,contingent_office,computer
1661848075,,,,,194.196.133.249,contingent_remote,computer
1661844952,,,,,40.221.4.33,contingent_remote,mobile
1661843920,,,,,205.60.208.88,visitor_office,computer
1661842650,,,,,36.167.252.234,employee_office,computer
1661842586,,,,,224.181.75.219,employee_office,computer
1661838569,,,,,14.160.181.186,employee_remote,computer
1661835653,,,,,148.84.79.31,employee_remote,computer
1661833966,,,,,158.116.154.166,employee_remote,computer
1661834288,,,,,47.107.78.18,contingent_office,computer
1661831150,,,,,22.84.21.71,contingent_remote,computer
1661828446,,,,,111.44.1.77,contingent_remote,computer
1661828765,,,,,47.51.181.111,visitor_office,computer
1661825843,,,,,135.108.81.169,employee_office,computer
1661825329,,,,,48.38.132.181,employee_office,computer
1661824152,,,,,229.161.63.25,employee_remote,computer
1661821102,,,,,92.21.198.100,employee_remote,computer
1661818287,,,,,208.239.3.90,employee_remote,computer
1661818149,,,,,145.48.245.15,contingent_office,computer
1661815411,,,,,70.40.135.214,contingent_remote,computer
1661814275,,,,,39.5.42.69,contingent_remote,computer
1661811565,,,,,161.129.216.207,visitor_office,computer
1661809676,,,,,89.169.93.205,employee_office,computer
1661807102,,,,,242.173.20.43,employee_office,computer
1661805866,,,,,65.83.151.83,employee_remote,computer
1661806754,,,,,160.74.33.45,employee_remote,mobile
1661802286,,,,,48.231.225.254,employee_remote,mobile
1661801508,,,,,246.106.140.127,contingent_office,computer
1661798878,,,,,136.1.228.95,contingent_remote,computer
1661797993,,,,,245.229.110.36,contingent_remote,mobile
1661794283,,,,,238.172.247.99,visitor_office,computer
1661795599,,,,,222.32.137.78,employee_office,computer
1661794019,,,,,76.111.56.123,employee_office,mobile
1661788807,,,,,177.77.245.11,employee_remote,computer
1661789865,,,,,105.197.10.149,employee_remote,mobile
1661787318,,,,,33.247.61.195,employee_remote,mobile
1661783749,,,,,159.234.67.146,contingent_office,computer
1661781794,,,,,203.97.225.62,contingent_remote,computer
1661783010,,,,,28.93.141.41,contingent_remote,mobile
1661778499,,,,,115.43.95.229,visitor_office,mobile
1661778433,,,,,245.147.217.223,employee_office,computer
1661774885,,,,,230.195.92.52,employee_office,mobile
1661773816,,,,,117.36.212.222,employee_remote,computer
1661773332,,,,,30.243.55.154,employee_remote,mobile
1661769530,,,,,27.179.223.185,employee_remote,mobile
1661767261,,,,,246.135.67.20,contingent_office,computer
1661767913,,,,,154.219.25.55,contingent_remote,computer
1661767192,,,,,18.160.247.71,contingent_remote,mobile
1661763803,,,,,52.220.173.119,visitor_office,computer
1661763011,,,,,176.146.24.207,employee_office,computer
1661759961,,,,,62.85.146.16,employee_office,mobile
1661758714,,,,,140.200.24.40,employee_remote,computer
1661756522,,,,,122.254.208.77,employee_remote,mobile
1661753670,,,,,33.126.71.64,employee_remote,mobile
1661752455,,,,,185.125.228.214,contingent_office,computer
1661750681,,,,,66.181.101.101,contingent_remote,computer
1661747661,,,,,229.86.247.56,contingent_remote,mobile
1661748161,,,,,169.159.66.109,visitor_office,mobile
1661745659,,,,,104.81.122.228,employee_office,computer
1661744917,,,,,65.93.83.121,employee_office,mobile
1661743242,,,,,31.176.203.147,employee_remote,computer
1661740474,,,,,105.26.12.154,employee_remote,mobile
1661738464,,,,,207.202.31.174,employee_remote,mobile
1661735445,,,,,90.12.202.238,contingent_office,computer
1661736194,,,,,158.33.166.97,contingent_remote,computer
1661734791,,,,,136.253.163.25,contingent_remote,mobile
1661732731,,,,,94.72.133.77,visitor_office,computer
1661730984,,,,,193.100.166.253,employee_office,computer
1661725811,,,,,167.68.10.198,employee_office,mobile
1661724351,,,,,236.199.49.46,employee_remote,computer
1661722263,,,,,155.114.109.230,employee_remote,computer
1661723259,,,,,26.9.162.255,employee_remote,computer
1661721291,,,,,131.97.181.115,contingent_office,computer
1661718879,,,,,126.131.90.250,contingent_remote,computer
1661715234,,,,,122.91.114.63,contingent_remote,computer
1661715253,,,,,140.69.35.68,visitor_office,computer
1661714131,,,,,163.221.170.104,employee_office,computer
1661711599,,,,,241.57.68.35,employee_office,computer
1661708518,,,,,40.17.242.38,employee_remote,computer
1661706039,,,,,178.21.156.164,employee_remote,computer
1661706315,,,,,239.150.239.128,employee_remote,computer
1661705720,,,,,129.117.89.191,contingent_office,computer
1661704185,,,,,18.230.180.112,contingent_remote,computer
1661699293,,,,,26.66.130.156,contingent_remote,computer
1661697109,,,,,75.117.136.33,visitor_office,computer
1661696472,,,,,152.59.17.30,employee_office,computer
1661695430,,,,,198.45.9.237,employee_office,computer
1661694693,,,,,165.196.183.188,employee_remote,computer
1661690819,,,,,31.186.191.237,employee_remote,mobile
1661688426,,,,,126.158.200.115,employee_remote,mobile
1661688411,,,,,205.166.21.196,contingent_office,computer
1661685388,,,,,226.116.199.218,contingent_remote,computer
1661682694,,,,,78.237.132.251,contingent_remote,mobile
1661681156,,,,,4.140.104.155,visitor_office,mobile
1661681218,,,,,9.130.251.207,employee_office,computer
1661679254,,,,,10.113.51.237,employee_office,mobile
1661678316,,,,,0.146.59.17,employee_remote,computer
1661676782,,,,,46.169.134.34,employee_remote,mobile
1661674619,,,,,109.13.206.242,employee_remote,mobile
1661672398,,,,,156.187.155.112,contingent_office,computer
1661671181,,,,,111.243.102.201,contingent_remote,computer
1661668190,,,,,59.176.109.34,contingent_remote,mobile
1661665316,,,,,201.138.0.91,visitor_office,computer
1661665050,,,,,51.228.67.3,employee_office,computer
1661662316,,,,,23.158.156.73,employee_office,mobile
1661660007,,,,,234.22.142.99,employee_remote,computer
1661660861,,,,,50.84.42.7,employee_remote,mobile
1661657525,,,,,127.63.117.187,employee_remote,mobile
1661656953,,,,,107.205.185.114,contingent_office,computer
1661652427,,,,,223.246.164.253,contingent_remote,computer
1661652835,,,,,106.211.196.76,contingent_remote,mobile
1661651608,,,,,79.132.119.45,visitor_office,mobile
1661649332,,,,,212.94.200.148,employee_office,computer
1661645257,,,,,162.211.175.211,employee_office,mobile
1661645094,,,,,196.129.24.181,employee_remote,computer
1661643389,,,,,14.231.194.22,employee_remote,mobile
1661641314,,,,,52.2.98.4,employee_remote,mobile
1661638725,,,,,121.251.118.181,contingent_office,computer
1661637511,,,,,5.192.207.75,contingent_remote,computer
1661636051,,,,,166.106.86.211,contingent_remote,mobile
1661632680,,,,,124.176.69.249,visitor_office,computer
1661632041,,,,,143.47.127.224,employee_office,computer
1661629207,,,,,151.206.209.81,employee_office,computer
1661627363,,,,,103.172.26.8,employee_remote,computer
1661627377,,,,,208.90.158.185,employee_remote,computer
1661624286,,,,,141.38.222.5,employee_remote,computer
1661623886,,,,,7.247.38.177,contingent_office,computer
1661621064,,,,,108.146.213.185,contingent_remote,computer
1661620769,,,,,24.207.26.180,contingent_remote,computer
1661619372,,,,,55.190.203.26,visitor_office,computer
1661617611,,,,,194.228.5.129,employee_office,computer
1661613967,,,,,230.232.145.15,employee_office,computer
1661613863,,,,,30.217.10.97,employee_remote,computer
1661609618,,,,,121.151.183.59,employee_remote,computer
1661608154,,,,,95.222.86.194,employee_remote,computer
1661606605,,,,,188.108.7.203,contingent_office,computer
1661606705,,,,,253.242.7.142,contingent_remote,computer
1661604818,,,,,188.11.195.46,contingent_remote,mobile
1661601372,,,,,80.50.91.56,visitor_office,computer
1661600265,,,,,227.72.84.201,employee_office,computer
1661596583,,,,,85.246.82.91,employee_office,mobile
1661596837,,,,,105.14.146.229,employee_remote,computer
1661594604,,,,,236.244.120.38,employee_remote,mobile
1661594034,,,,,175.222.241.74,employee_remote,mobile
1661591910,,,,,248.184.183.135,contingent_office,computer
1661587706,,,,,173.47.242.196,contingent_remote,computer
1661586381,,,,,146.31.48.66,contingent_remote,mobile
1661584065,,,,,202.32.241.183,visitor_office,mobile
1661581852,,,,,211.161.118.178,employee_office,computer
1661583501,,,,,36.53.201.53,employee_office,mobile
1661579701,,,,,10.110.15.2,employee_remote,computer
1661576427,,,,,209.123.138.130,employee_remote,mobile
1661577576,,,,,16.219.69.229,employee_remote,mobile
1661573407,,,,,222.145.91.77,contingent_office,computer
1661571929,,,,,66.117.88.92,contingent_remote,computer
1661571871,,,,,106.238.80.123,contingent_remote,mobile
1661568402,,,,,85.226.95.175,visitor_office,computer
1661566464,,,,,62.246.177.34,employee_office,computer
1661564547,,,,,223.168.72.135,employee_office,mobile
1661563563,,,,,155.39.124.33,employee_remote,computer
1661562853,,,,,5.240.234.100,employee_remote,mobile
1661560368,,,,,30.103.37.171,employee_remote,mobile
1661557998,,,,,43.111.73.36,contingent_office,computer
1661555393,,,,,165.134.232.52,contingent_remote,computer
1661554256,,,,,218.22.222.171,contingent_remote,mobile
1661551375,,,,,108.163.225.231,visitor_office,mobile
1661551136,,,,,200.128.170.92,employee_office,computer
1661548741,,,,,126.52.215.244,employee_office,mobile
1661548193,,,,,237.125.178.28,employee_remote,computer
1661544636,,,,,145.74.150.164,employee_remote,mobile
1661543436,,,,,11.64.148.140,employee_remote,mobile
1661543340,,,,,109.67.146.8,contingent_office,computer
1661541322,,,,,25.227.232.117,contingent_remote,computer
1661537288,,,,,11.148.149.84,contingent_remote,mobile
1661538168,,,,,160.236.128.34,visitor_office,computer
1661536106,,,,,251.69.181.107,employee_office,computer
1661534159,,,,,109.63.148.241,employee_office,mobile
1661532520,,,,,73.1.19.171,employee_remote,computer
1661530306,,,,,133.208.35.24,employee_remote,mobile
1661529131,,,,,159.157.223.104,employee_remote,mobile
1661527560,,,,,183.140.152.179,contingent_office,computer
1661524205,,,,,172.175.130.101,contingent_remote,computer
1661524033,,,,,121.14.37.135,contingent_remote,mobile
1661519471,,,,,156.31.145.187,visitor_office,mobile
1661519504,,,,,94.26.109.68,employee_office,computer
1661518732,,,,,14.204.250.98,employee_office,mobile
1661516393,,,,,84.191.39.216,employee_remote,computer
1661511831,,,,,18.82.89.230,employee_remote,mobile
1661511707,,,,,179.22.223.139,employee_remote,mobile
1661511241,,,,,204.166.33.157,contingent_office,computer
1661509321,,,,,197.168.171.108,contingent_remote,computer
1661507879,,,,,166.20.197.82,contingent_remote,mobile
1661505036,,,,,195.208.32.25,visitor_office,computer
1661501676,,,,,40.166.169.217,employee_office,computer
1661500168,,,,,6.162.175.163,employee_office,mobile
1661499550,,,,,84.207.121.175,employee_remote,computer
1661498584,,,,,71.214.177.198,employee_remote,mobile
1661495413,,,,,161.143.101.183,employee_remote,mobile
1661493871,,,,,251.93.185.18,contingent_office,computer
1661490717,,,,,236.89.212.24,contingent_remote,computer
1661490879,,,,,252.255.81.63,contingent_remote,mobile
1661487811,,,,,249.18.255.119,visitor_office,mobile
1661485573,,,,,227.142.101.120,employee_office,computer
1661484819,,,,,217.164.214.248,employee_office,mobile
1661481387,,,,,98.58.11.32,employee_remote,computer
1661480146,,,,,49.190.74.146,employee_remote,mobile
1661480524,,,,,81.69.58.50,employee_remote,mobile
1661479010,,,,,65.190.25.28,contingent_office,computer
1661475440,,,,,251.30.233.146,contingent_remote,computer
1661472151,,,,,149.82.36.48,contingent_remote,mobile
1661473132,,,,,207.232.255.144,visitor_office,computer
1661470571,,,,,145.27.150.122,employee_office,computer
1661469985,,,,,133.5.140.211,employee_office,mobile
1661465698,,,,,168.72.123.133,employee_remote,computer
1661464389,,,,,26.187.49.73,employee_remote,mobile
1661463518,,,,,113.195.250.213,employee_remote,mobile
1661459894,,,,,97.59.143.76,contingent_office,computer
1661460244,,,,,188.37.31.245,contingent_remote,computer
1661458966,,,,,4.100.164.66,contingent_remote,mobile
1661455249,,,,,181.109.112.81,visitor_office,mobile
1661453419,,,,,151.151.167.117,employee_office,computer
1661450409,,,,,67.106.141.183,employee_office,mobile
1661450370,,,,,172.16.237.128,employee_remote,computer
1661449663,,,,,157.87.107.86,employee_remote,mobile
1661446699,,,,,103.38.243.237,employee_remote,mobile
1661444880,,,,,7.177.46.183,contingent_office,computer
1661444395,,,,,191.114.29.200,contingent_remote,computer
1661443062,,,,,195.219.174.47,contingent_remote,mobile
1661439434,,,,,172.174.40.78,visitor_office,computer
1661438355,,,,,198.57.190.151,employee_office,computer
1661436397,,,,,8.65.242.81,employee_office,mobile
1661433298,,,,,170.96.111.7,employee_remote,computer
1661434145,,,,,8.242.109.254,employee_remote,mobile
1661429874,,,,,227.53.232.24,employee_remote,mobile
1661429121,,,,,70.40.190.216,contingent_office,computer
1661425721,,,,,181.250.237.118,contingent_remote,computer
1661425027,,,,,218.111.71.64,contingent_remote,mobile
1661422927,,,,,233.136.163.85,visitor_office,mobile
1661421279,,,,,169.186.122.157,employee_office,computer
1661421560,,,,,12.79.82.100,employee_office,mobile
1661418863,,,,,60.221.71.106,employee_remote,computer
1661415985,,,,,15.68.134.115,employee_remote,mobile
1661414067,,,,,37.90.235.123,employee_remote,mobile
1661414266,,,,,91.237.253.74,contingent_office,computer
1661410262,,,,,64.41.224.242,contingent_remote,computer
1661408512,,,,,141.223.10.148,contingent_remote,mobile
1661408832,,,,,201.73.102.23,visitor_office,computer
1661404203,,,,,23.239.187.108,employee_office,computer
1661402884,,,,,144.76.98.198,employee_office,mobile
1661403495,,,,,92.125.136.66,employee_remote,computer
1661399477,,,,,144.148.119.19,employee_remote,mobile
1661397118,,,,,254.18.62.61,employee_remote,mobile
1661397510,,,,,69.163.241.87,contingent_office,computer
1661394796,,,,,12.2.7.119,contingent_remote,computer
1661393407,,,,,89.7.23.60,contingent_remote,mobile
1661392278,,,,,230.23.220.82,visitor_office,mobile
1661390179,,,,,115.208.198.2,employee_office,computer
1661385922,,,,,14.201.208.231,employee_office,mobile
1661384532,,,,,28.242.24.154,employee_remote,computer
1661383973,,,,,14.6.14.106,employee_remote,mobile
1661382186,,,,,212.68.182.173,employee_remote,mobile
1661380470,,,,,180.25.131.148,contingent_office,computer
1661379460,,,,,204.193.142.4,contingent_remote,computer
1661377319,,,,,234.198.9.179,contingent_remote,mobile
1661374678,,,,,13.247.25.211,visitor_office,computer
1661373197,,,,,237.183.39.63,employee_office,computer
1661370304,,,,,174.180.130.145,employee_office,mobile
1661370264,,,,,94.16.60.246,employee_remote,computer
1661368928,,,,,36.230.48.35,employee_remote,mobile
1661366644,,,,,138.113.223.38,employee_remote,mobile
1661364498,,,,,172.243.234.27,contingent_office,computer
1661362139,,,,,87.101.136.42,contingent_remote,computer
1661360484,,,,,19.240.222.148,contingent_remote,mobile
1661359368,,,,,227.240.68.246,visitor_office,mobile
1661356105,,,,,137.175.59.35,employee_office,computer
1661354818,,,,,226.246.18.235,employee_office,mobile
1661352701,,,,,230.173.199.133,employee_remote,computer
1661350167,,,,,243.98.44.160,employee_remote,mobile
1661350633,,,,,133.161.193.26,employee_remote,mobile
1661346975,,,,,6.54.210.97,contingent_office,computer
1661346091,,,,,203.57.96.248,contingent_remote,computer
1661343365,,,,,235.224.15.112,contingent_remote,mobile
1661343634,,,,,61.20.195.180,visitor_office,computer
1661340820,,,,,227.2.103.48,employee_office,computer
1661340158,,,,,155.199.53.243,employee_office,mobile
1661335760,,,,,214.120.70.14,employee_remote,computer
1661333889,,,,,173.125.22.250,employee_remote,mobile
1661333884,,,,,85.60.160.112,employee_remote,mobile
1661333123,,,,,41.167.196.251,contingent_office,computer
1661330486,,,,,92.238.115.154,contingent_remote,computer
1661326396,,,,,168.41.13.142,contingent_remote,mobile
1661324924,,,,,69.202.23.8,visitor_office,mobile
1661323751,,,,,114.113.88.60,employee_office,computer
1661322938,,,,,154.211.73.231,employee_office,mobile
1661320288,,,,,99.104.28.31,employee_remote,computer
1661317742,,,,,19.30.189.104,employee_remote,mobile
1661318391,,,,,231.109.131.194,employee_remote,mobile
1661316946,,,,,157.246.25.123,contingent_office,computer
1661312994,,,,,217.4.18.184,contingent_remote,computer
1661310817,,,,,248.39.70.223,contingent_remote,mobile
1661310924,,,,,126.69.245.246,visitor_office,computer
1661309248,,,,,121.103.83.2,employee_office,computer
1661305258,,,,,106.83.172.8,employee_office,mobile
1661303334,,,,,255.94.128.99,employee_remote,computer
1661302796,,,,,43.164.253.132,employee_remote,mobile
1661302140,,,,,190.206.46.94,employee_remote,mobile
1661298762,,,,,64.166.199.100,contingent_office,computer
1661296275,,,,,131.40.122.154,contingent_remote,computer
1661293871,,,,,219.154.63.5,contingent_remote,mobile
1661292796,,,,,52.76.168.211,visitor_office,mobile
1661292398,,,,,242.26.133.25,employee_office,computer
1661289903,,,,,102.38.192.225,employee_office,mobile
1661288479,,,,,183.140.61.254,employee_remote,computer
1661285969,,,,,20.153.52.0,employee_remote,mobile
1661286540,,,,,123.204.191.246,employee_remote,mobile
1661282622,,,,,40.239.36.190,contingent_office,computer
1661282003,,,,,137.134.184.9,contingent_remote,computer
1661277780,,,,,20.167.35.111,contingent_remote,mobile
1661279127,,,,,109.159.118.169,visitor_office,computer
1661275231,,,,,118.224.72.10,employee_office,computer
1661274325,,,,,147.159.168.10,employee_office,mobile
1661272476,,,,,161.32.77.168,employee_remote,computer
1661269265,,,,,124.167.190.96,employee_remote,mobile
1661268227,,,,,157.58.251.14,employee_remote,mobile
1661266403,,,,,1.60.223.111,contingent_office,computer
1661264219,,,,,49.31.251.176,contingent_remote,computer
1661261871,,,,,235.29.82.50,contingent_remote,mobile
1661262023,,,,,144.160.155.7,visitor_office,mobile
1661259044,,,,,195.14.217.219,employee_office,computer
1661256936,,,,,40.95.71.63,employee_office,mobile
1661255380,,,,,217.124.132.140,employee_remote,computer
1661255146,,,,,201.185.8.237,employee_remote,mobile
1661251003,,,,,10.223.41.48,employee_remote,mobile
1661248971,,,,,172.250.80.237,contingent_office,computer
1661247705,,,,,124.149.71.237,contingent_remote,computer
1661248475,,,,,71.206.157.217,contingent_remote,mobile
1661245735,,,,,230.83.121.112,visitor_office,computer
1661244663,,,,,125.246.129.153,employee_office,computer
1661240723,,,,,156.131.140.239,employee_office,mobile
1661239556,,,,,22.59.125.136,employee_remote,computer
1661239584,,,,,38.250.22.96,employee_remote,mobile
1661235454,,,,,199.0.169.79,employee_remote,mobile
1661233298,,,,,9.182.136.26,contingent_office,computer
1661234393,,,,,46.163.147.162,contingent_remote,computer
1661230136,,,,,113.253.255.205,contingent_remote,mobile
1661230063,,,,,12.83.63.252,visitor_office,mobile
1661227709,,,,,177.153.129.59,employee_office,computer
1661224078,,,,,120.189.173.141,employee_office,mobile
1661225112,,,,,149.234.120.226,employee_remote,computer
1661223353,,,,,93.14.179.145,employee_remote,mobile
1661219089,,,,,204.105.216.195,employee_remote,mobile
1661219339,,,,,194.206.122.29,contingent_office,computer
1661215080,,,,,153.241.61.245,contingent_remote,computer
1661214796,,,,,21.210.3.218,contingent_remote,mobile
1661211665,,,,,178.22.99.212,visitor_office,computer
1661210039,,,,,166.165.39.117,employee_office,computer
1661209112,,,,,44.90.151.18,employee_office,mobile
1661206322,,,,,29.124.209.39,employee_remote,computer
1661206942,,,,,49.200.7.165,employee_remote,mobile
1661204371,,,,,108.89.13.248,employee_remote,mobile
1661202769,,,,,104.217.209.180,contingent_office,computer
1661198991,,,,,197.0.219.60,contingent_remote,computer
1661197329,,,,,165.154.131.145,contingent_remote,mobile
1661195167,,,,,129.58.73.162,visitor_office,mobile
1661195021,,,,,92.73.156.26,employee_office,computer
1661193971,,,,,167.75.137.60,employee_office,mobile
1661189802,,,,,239.63.137.222,employee_remote,computer
1661190071,,,,,182.86.202.34,employee_remote,mobile
1661187568,,,,,211.202.92.104,employee_remote,mobile
1661186557,,,,,206.205.88.207,contingent_office,computer
1661185177,,,,,35.205.198.161,contingent_remote,computer
1661183375,,,,,55.65.79.102,contingent_remote,mobile
1661181379,,,,,14.95.197.107,visitor_office,computer
1661179945,,,,,107.253.2.20,employee_office,computer
1661176992,,,,,77.201.114.200,employee_office,mobile
1661173400,,,,,33.127.0.220,employee_remote,computer
1661174741,,,,,52.40.49.253,employee_remote,mobile
1661172750,,,,,188.43.225.203,employee_remote,mobile
1661170778,,,,,26.56.51.201,contingent_office,computer
1661169129,,,,,25.182.179.178,contingent_remote,computer
1661165428,,,,,144.12.213.131,contingent_remote,mobile
1661164183,,,,,1.114.176.69,visitor_office,mobile
1661161096,,,,,139.10.149.252,employee_office,computer
1661159488,,,,,14.23.37.119,employee_office,mobile
1661159628,,,,,249.59.54.174,employee_remote,computer
1661156836,,,,,13.25.104.127,employee_remote,mobile
1661156257,,,,,102.208.30.64,employee_remote,mobile
1661151639,,,,,28.118.208.39,contingent_office,computer
1661152381,,,,,1.165.246.244,contingent_remote,computer
1661149373,,,,,141.25.222.248,contingent_remote,mobile
1661147448,,,,,82.186.45.42,visitor_office,computer
1661145913,,,,,126.219.211.220,employee_office,computer
1661144886,,,,,17.243.78.201,employee_office,mobile
1661142594,,,,,196.29.253.123,employee_remote,computer
1661139653,,,,,5.142.253.76,employee_remote,mobile
1661139595,,,,,192.230.147.196,employee_remote,mobile
1661135905,,,,,33.250.92.85,contingent_office,computer
1661135074,,,,,43.231.106.165,contingent_remote,computer
1661132383,,,,,231.41.63.224,contingent_remote,mobile
1661133347,,,,,154.26.219.161,visitor_office,mobile
1661128492,,,,,113.88.37.95,employee_office,computer
1661128123,,,,,100.36.52.26,employee_office,mobile
1661126258,,,,,192.240.120.147,employee_remote,computer
1661124269,,,,,210.22.196.228,employee_remote,mobile
1661122504,,,,,85.230.213.151,employee_remote,mobile
1661121334,,,,,24.118.22.8,contingent_office,computer
1661120662,,,,,158.174.247.109,contingent_remote,computer
1661118335,,,,,178.79.147.172,contingent_remote,mobile
1661116738,,,,,150.5.96.231,visitor_office,computer
1661114286,,,,,52.155.117.221,employee_office,computer
1661111527,,,,,81.200.206.196,employee_office,mobile
1661109499,,,,,57.72.188.57,employee_remote,computer
1661109542,,,,,156.135.167.79,employee_remote,mobile
1661107479,,,,,63.249.38.219,employee_remote,mobile
1661106032,,,,,239.94.216.203,contingent_office,computer
1661102307,,,,,133.73.148.44,contingent_remote,computer
1661100300,,,,,243.123.60.172,contingent_remote,mobile
1661099047,,,,,248.88.17.145,visitor_office,mobile
1661095834,,,,,193.229.148.206,employee_office,computer
1661095398,,,,,108.111.112.213,employee_office,mobile
1661094977,,,,,216.16.183.98,employee_remote,computer
1661092483,,,,,46.142.247.124,employee_remote,mobile
1661089132,,,,,131.193.59.20,employee_remote,mobile
1661088754,,,,,223.22.114.138,contingent_office,computer
1661085429,,,,,181.71.116.203,contingent_remote,computer
1661085250,,,,,136.11.89.149,contingent_remote,mobile
1661082475,,,,,181.155.93.106,visitor_office,computer
1661080892,,,,,39.122.112.93,employee_office,computer
1661080767,,,,,177.165.246.91,employee_office,mobile
1661078817,,,,,217.140.27.63,employee_remote,computer
1661076505,,,,,45.208.6.50,employee_remote,mobile
1661075680,,,,,47.253.111.160,employee_remote,mobile
1661073333,,,,,85.151.140.150,contingent_office,computer
1661070883,,,,,112.246.67.169,contingent_remote,computer
1661070587,,,,,160.112.135.42,contingent_remote,mobile
1661066515,,,,,153.170.188.172,visitor_office,mobile
1661063404,,,,,30.224.101.220,employee_office,computer
1661062770,,,,,154.155.179.32,employee_office,mobile
1661061134,,,,,0.18.88.70,employee_remote,computer
1661060287,,,,,96.113.17.111,employee_remote,mobile
1661056405,,,,,121.28.6.31,employee_remote,mobile
1661054784,,,,,7.151.160.224,contingent_office,computer
1661053788,,,,,196.203.198.234,contingent_remote,computer
1661052400,,,,,236.221.137.88,contingent_remote,mobile
1661050939,,,,,37.227.240.44,visitor_office,computer
1661047342,,,,,26.10.164.238,employee_office,computer
1661048844,,,,,105.107.71.32,employee_office,mobile
1661046759,,,,,76.224.244.10,employee_remote,computer
1661044965,,,,,171.204.45.47,employee_remote,mobile
1661043024,,,,,117.28.6.157,employee_remote,mobile
1661041606,,,,,23.249.101.131,contingent_office,computer
1661039860,,,,,73.140.109.32,contingent_remote,computer
1661036966,,,,,123.119.102.162,contingent_remote,mobile
1661033716,,,,,203.39.122.251,visitor_office,mobile
1661032011,,,,,241.57.66.215,employee_office,computer
1661032737,,,,,232.40.68.128,employee_office,mobile
1661029365,,,,,126.222.71.123,employee_remote,computer
1661025934,,,,,10.195.66.181,employee_remote,mobile
1661026294,,,,,134.98.252.222,employee_remote,mobile
1661022516,,,,,165.9.152.9,contingent_office,computer
1661023111,,,,,37.51.142.86,contingent_remote,computer
1661021993,,,,,23.37.150.84,contingent_remote,mobile
1661019905,,,,,96.88.108.190,visitor_office,computer
1661017540,,,,,134.194.181.161,employee_office,computer
1661015340,,,,,43.14.206.46,employee_office,mobile
1661013604,,,,,4.93.131.126,employee_remote,computer
1661011112,,,,,164.78.20.250,employee_remote,mobile
1661009563,,,,,91.202.216.107,employee_remote,mobile
1661007900,,,,,221.22.215.139,contingent_office,computer
1661004201,,,,,144.170.78.213,contingent_remote,computer
1661003707,,,,,210.12.228.218,contingent_remote,mobile
1661002323,,,,,194.161.67.58,visitor_office,mobile
1660999629,,,,,189.118.84.97,employee_office,computer
1660997223,,,,,106.196.99.45,employee_office,mobile
1660995667,,,,,185.136.129.49,employee_remote,computer
1660993327,,,,,175.253.157.101,employee_remote,mobile
1660992167,,,,,224.191.139.192,employee_remote,mobile
1660992867,,,,,170.214.2.144,contingent_office,computer
1660988943,,,,,4.149.8.165,contingent_remote,computer
1660987427,,,,,170.110.120.24,contingent_remote,mobile
1660985975,,,,,65.227.56.185,visitor_office,computer
1660983490,,,,,182.138.90.235,employee_office,computer
1660982192,,,,,194.147.231.133,employee_office,mobile
1660981111,,,,,235.90.45.57,employee_remote,computer
1660978248,,,,,219.222.75.251,employee_remote,mobile
1660976360,,,,,130.99.25.171,employee_remote,mobile
1660975151,,,,,17.73.218.215,contingent_office,computer
1660974910,,,,,116.54.16.16,contingent_remote,computer
1660971518,,,,,213.65.98.182,contingent_remote,mobile
1660971253,,,,,132.78.225.82,visitor_office,mobile
1660968549,,,,,25.180.35.253,employee_office,computer
1660965675,,,,,44.156.171.212,employee_office,mobile
1660964540,,,,,251.231.44.5,employee_remote,computer
1660961293,,,,,201.79.112.182,employee_remote,mobile
1660959745,,,,,14.121.19.213,employee_remote,mobile
1660958123,,,,,131.74.52.190,contingent_office,computer
1660958682,,,,,203.113.8.68,contingent_remote,computer
1660954631,,,,,87.182.136.229,contingent_remote,mobile
1660954045,,,,,82.11.184.217,visitor_office,computer
1660952556,,,,,234.173.203.61,employee_office,computer
1660950478,,,,,175.190.162.22,employee_office,mobile
1660948194,,,,,165.137.154.121,employee_remote,computer
1660944886,,,,,246.237.190.28,employee_remote,mobile
1660944111,,,,,236.242.97.172,employee_remote,mobile
1660942375,,,,,213.113.125.176,contingent_office,computer
1660942352,,,,,116.202.240.38,contingent_remote,computer
1660940054,,,,,221.70.218.160,contingent_remote,mobile
1660938360,,,,,138.6.138.18,visitor_office,mobile
1660937290,,,,,75.168.146.215,employee_office,computer
1660934128,,,,,204.231.26.192,employee_office,mobile
1660932509,,,,,73.0.181.234,employee_remote,computer
1660931305,,,,,222.56.0.70,employee_remote,mobile
1660929415,,,,,17.26.239.119,employee_remote,mobile
1660928170,,,,,195.30.154.92,contingent_office,computer
1660924511,,,,,146.129.116.52,contingent_remote,computer
1660924056,,,,,150.87.0.57,contingent_remote,mobile
1660919788,,,,,197.102.152.205,visitor_office,computer
1660919890,,,,,97.86.251.194,employee_office,computer
1660916949,,,,,237.103.253.103,employee_office,mobile
1660915286,,,,,190.124.247.249,employee_remote,computer
1660912988,,,,,29.20.57.93,employee_remote,mobile
1660911899,,,,,224.58.18.227,employee_remote,mobile
1660910085,,,,,231.31.236.251,contingent_office,computer
1660909573,,,,,211.32.104.197,contingent_remote,computer
1660906769,,,,,225.174.29.205,contingent_remote,mobile
1660905650,,,,,4.38.142.124,visitor_office,mobile
1660901674,,,,,12.34.234.121,employee_office,computer
1660900890,,,,,62.166.100.87,employee_office,mobile
1660900444,,,,,126.53.32.150,employee_remote,computer
1660896918,,,,,117.195.173.215,employee_remote,mobile
1660894508,,,,,134.69.89.242,employee_remote,mobile
1660894354,,,,,223.203.85.141,contingent_office,computer
1660891469,,,,,157.151.47.13,contingent_remote,computer
1660890453,,,,,35.184.184.189,contingent_remote,mobile
1660890201,,,,,214.51.17.131,visitor_office,computer
1660887224,,,,,129.232.131.13,employee_office,computer
1660886657,,,,,93.228.61.130,employee_office,mobile
1660882695,,,,,199.181.173.72,employee_remote,computer
1660882640,,,,,220.6.159.64,employee_remote,mobile
1660878764,,,,,4.159.188.200,employee_remote,mobile
1660876249,,,,,155.179.36.76,contingent_office,computer
1660875677,,,,,83.23.81.136,contingent_remote,computer
1660875895,,,,,132.192.42.133,contingent_remote,mobile
1660874081,,,,,110.29.47.198,visitor_office,mobile
1660869445,,,,,51.32.60.97,employee_office,computer
1660869980,,,,,51.158.103.217,employee_office,mobile
1660868969,,,,,110.83.21.89,employee_remote,computer
1660863992,,,,,209.50.7.217,employee_remote,mobile
1660863955,,,,,213.61.231.241,employee_remote,mobile
1660860844,,,,,228.217.239.254,contingent_office,computer
1660861704,,,,,76.114.175.96,contingent_remote,computer
1660858105,,,,,98.183.147.37,contingent_remote,mobile
1660855070,,,,,238.235.189.176,visitor_office,computer
1660855806,,,,,152.103.235.87,employee_office,computer
1660853520,,,,,83.110.193.234,employee_office,mobile
1660850758,,,,,229.151.249.183,employee_remote,computer
1660849931,,,,,82.155.126.242,employee_remote,mobile
1660848083,,,,,218.34.73.21,employee_remote,mobile
1660846372,,,,,85.181.111.77,contingent_office,computer
1660843803,,,,,186.184.62.168,contingent_remote,computer
1660840524,,,,,170.234.255.1,contingent_remote,mobile
1660841359,,,,,2.180.11.255,visitor_office,mobile
1660838068,,,,,186.11.50.105,employee_office,computer
1660836262,,,,,19.22.69.254,employee_office,mobile
1660833335,,,,,61.175.189.158,employee_remote,computer
1660834638,,,,,188.142.237.23,employee_remote,mobile
1660831544,,,,,13.21.200.42,employee_remote,mobile
1660828757,,,,,61.198.160.30,contingent_office,computer
1660826812,,,,,110.45.115.36,contingent_remote,computer
1660824459,,,,,233.128.22.233,contingent_remote,mobile
1660824234,,,,,125.203.33.72,visitor_office,computer
1660822287,,,,,73.11.91.52,employee_office,computer
1660818722,,,,,105.255.149.121,employee_office,mobile
1660818735,,,,,244.204.114.104,employee_remote,computer
1660816924,,,,,39.98.104.119,employee_remote,mobile
1660815125,,,,,14.60.80.43,employee_remote,mobile
1660812151,,,,,42.151.93.28,contingent_office,computer
1660812301,,,,,153.26.2.208,contingent_remote,computer
1660808955,,,,,91.126.125.42,contingent_remote,mobile
1660806887,,,,,171.0.209.110,visitor_office,mobile
1660806751,,,,,24.57.215.236,employee_office,computer
1660803584,,,,,206.234.107.143,employee_office,mobile
1660803704,,,,,168.79.202.232,employee_remote,computer
1660801394,,,,,234.29.68.174,employee_remote,mobile
1660799485,,,,,134.100.125.241,employee_remote,mobile
1660795605,,,,,232.5.252.94,contingent_office,computer
1660793507,,,,,105.229.76.251,contingent_remote,computer
1660792377,,,,,174.38.46.144,contingent_remote,mobile
1660789988,,,,,100.74.175.63,visitor_office,computer
1660790637,,,,,4.210.226.239,employee_office,computer
1660789609,,,,,230.131.37.166,employee_office,mobile
1660786664,,,,,5.11.124.20,employee_remote,computer
1660783431,,,,,57.70.222.240,employee_remote,mobile
1660782819,,,,,117.123.19.239,employee_remote,mobile
1660781780,,,,,197.6.228.245,contingent_office,computer
1660780251,,,,,2.199.36.5,contingent_remote,computer
1660776053,,,,,28.166.157.50,contingent_remote,mobile
1660773883,,,,,220.88.114.0,visitor_office,mobile
1660773989,,,,,76.219.224.86,employee_office,computer
1660772038,,,,,226.233.156.148,employee_office,mobile
1660770869,,,,,200.120.172.210,employee_remote,computer
1660768938,,,,,138.125.208.85,employee_remote,mobile
1660767776,,,,,177.106.137.99,employee_remote,mobile
1660765959,,,,,94.253.28.231,contingent_office,computer
1660762281,,,,,186.54.157.110,contingent_remote,computer
1660760486,,,,,159.138.250.233,contingent_remote,mobile
1660758098,,,,,35.67.109.197,visitor_office,computer
1660757180,,,,,33.62.37.84,employee_office,computer
1660755287,,,,,60.44.177.243,employee_office,mobile
1660753764,,,,,216.237.122.136,employee_remote,computer
1660751025,,,,,26.177.178.52,employee_remote,mobile
1660749150,,,,,199.207.1.8,employee_remote,mobile
1660747147,,,,,202.176.169.167,contingent_office,computer
1660744969,,,,,51.165.214.208,contingent_remote,computer
1660746394,,,,,46.93.44.247,contingent_remote,mobile
1660743632,,,,,244.58.154.157,visitor_office,mobile
1660740490,,,,,133.192.227.94,employee_office,computer
1660739979,,,,,107.86.155.221,employee_office,mobile
1660738500,,,,,122.207.135.143,employee_remote,computer
1660734521,,,,,207.11.102.229,employee_remote,mobile
1660733237,,,,,115.0.199.243,employee_remote,mobile
1660732433,,,,,225.137.115.99,contingent_office,computer
1660732194,,,,,102.161.173.55,contingent_remote,computer
1660730351,,,,,115.118.30.153,contingent_remote,mobile
1660728378,,,,,15.227.3.166,visitor_office,computer
1660723265,,,,,122.10.131.149,employee_office,computer
1660723125,,,,,157.150.130.202,employee_office,mobile
1660722687,,,,,187.68.246.155,employee_remote,computer
1660718798,,,,,141.183.136.158,employee_remote,mobile
1660718212,,,,,103.220.231.230,employee_remote,mobile
1660714924,,,,,57.20.120.197,contingent_office,computer
1660714838,,,,,98.226.86.99,contingent_remote,computer
1660710622,,,,,196.15.139.220,contingent_remote,mobile
1660711019,,,,,74.28.167.26,visitor_office,mobile
1660707252,,,,,132.37.152.33,employee_office,computer
1660707594,,,,,77.145.56.224,employee_office,mobile
1660706452,,,,,253.56.74.81,employee_remote,computer
1660703268,,,,,224.186.106.74,employee_remote,mobile
1660701698,,,,,95.215.80.207,employee_remote,mobile
1660701543,,,,,106.37.124.76,contingent_office,computer
1660699526,,,,,127.57.10.127,contingent_remote,computer
1660697328,,,,,211.9.171.251,contingent_remote,mobile
1660694596,,,,,1.141.190.172,visitor_office,computer
1660692506,,,,,40.149.217.64,employee_office,computer
1660691919,,,,,49.138.14.122,employee_office,mobile
1660690520,,,,,135.254.110.143,employee_remote,computer
1660688261,,,,,61.144.116.3,employee_remote,mobile
1660685913,,,,,217.60.68.105,employee_remote,mobile
1660684907,,,,,38.151.45.178,contingent_office,computer
1660682923,,,,,24.47.46.98,contingent_remote,computer
1660681222,,,,,105.69.106.201,contingent_remote,mobile
1660678077,,,,,86.74.196.201,visitor_office,mobile
1660677523,,,,,76.44.118.246,employee_office,computer
1660674803,,,,,253.15.197.31,employee_office,mobile
1660671030,,,,,75.157.24.191,employee_remote,computer
1660671554,,,,,245.182.203.160,employee_remote,mobile
1660669282,,,,,255.227.129.170,employee_remote,mobile
1660665995,,,,,222.17.197.219,contingent_office,computer
1660664454,,,,,229.182.79.182,contingent_remote,computer
1660665150,,,,,145.98.104.160,contingent_remote,mobile
1660660727,,,,,151.137.143.144,visitor_office,computer
1660659861,,,,,180.238.76.17,employee_office,computer
1660658278,,,,,221.94.17.255,employee_office,mobile
1660658285,,,,,37.136.182.89,employee_remote,computer
1660655601,,,,,39.42.238.122,employee_remote,mobile
1660654792,,,,,43.164.169.83,employee_remote,mobile
1660651711,,,,,172.73.112.131,contingent_office,computer
1660649190,,,,,188.92.246.216,contingent_remote,computer
1660647874,,,,,123.32.35.2,contingent_remote,mobile
1660644872,,,,,1.189.53.241,visitor_office,mobile
1660643987,,,,,200.218.129.230,employee_office,computer
1660642356,,,,,163.67.83.19,employee_office,mobile
1660640803,,,,,144.145.3.106,employee_remote,computer
1660636863,,,,,50.5.165.150,employee_remote,mobile
1660635937,,,,,146.95.39.166,employee_remote,mobile
1660636372,,,,,28.149.200.242,contingent_office,computer
1660634378,,,,,251.62.174.205,contingent_remote,computer
1660630092,,,,,246.215.208.31,contingent_remote,mobile
1660629408,,,,,46.255.27.243,visitor_office,computer
1660626003,,,,,152.155.241.186,employee_office,computer
1660624442,,,,,220.169.40.55,employee_office,mobile
1660622494,,,,,169.238.133.8,employee_remote,computer
1660622227,,,,,241.51.4.209,employee_remote,mobile
1660620475,,,,,145.50.199.131,employee_remote,mobile
1660617744,,,,,212.132.146.210,contingent_office,computer
1660618340,,,,,48.144.119.199,contingent_remote,computer
1660614465,,,,,161.133.126.226,contingent_remote,mobile
1660614614,,,,,242.102.33.25,visitor_office,mobile
1660611859,,,,,7.202.137.166,employee_office,computer
1660608971,,,,,59.56.21.15,employee_office,mobile
1660609324,,,,,221.41.136.133,employee_remote,computer
1660606364,,,,,64.224.212.8,employee_remote,mobile
1660604466,,,,,212.92.218.4,employee_remote,mobile
1660602496,,,,,183.84.240.144,contingent_office,computer
1660599049,,,,,55.228.215.150,contingent_remote,computer
1660600478,,,,,134.157.41.36,contingent_remote,mobile
1660597743,,,,,102.87.226.233,visitor_office,computer
1660595847,,,,,199.169.254.161,employee_office,computer
1660594379,,,,,80.210.179.65,employee_office,mobile
1660592223,,,,,120.103.86.165,employee_remote,computer
1660588958,,,,,247.218.59.164,employee_remote,mobile
1660589528,,,,,244.119.137.214,employee_remote,mobile
1660586513,,,,,239.85.68.79,contingent_office,computer
1660585194,,,,,8.99.254.91,contingent_remote,computer
1660583363,,,,,234.209.254.239,contingent_remote,mobile
1660582433,,,,,151.190.218.106,visitor_office,mobile
1660578455,,,,,188.75.142.69,employee_office,computer
1660576535,,,,,29.18.242.77,employee_office,mobile
1660575406,,,,,117.243.115.38,employee_remote,computer
1660573839,,,,,201.101.232.13,employee_remote,mobile
1660573633,,,,,177.58.188.63,employee_remote,mobile
1660569509,,,,,162.82.11.164,contingent_office,computer
1660568306,,,,,246.89.199.244,contingent_remote,computer
1660567871,,,,,102.189.208.12,contingent_remote,mobile
1660563767,,,,,27.146.64.99,visitor_office,computer
1660561342,,,,,206.212.126.17,employee_office,computer
1660561264,,,,,115.217.2.71,employee_office,mobile
1660559039,,,,,247.221.158.188,employee_remote,computer
1660557148,,,,,126.178.202.161,employee_remote,mobile
1660557259,,,,,185.23.249.142,employee_remote,mobile
1660553819,,,,,161.109.32.160,contingent_office,computer
1660551649,,,,,168.186.47.254,contingent_remote,computer
1660550742,,,,,255.88.80.162,contingent_remote,mobile
1660547617,,,,,73.145.77.158,visitor_office,mobile
1660547887,,,,,30.119.201.44,employee_office,computer
1660546329,,,,,39.150.42.69,employee_office,mobile
1660542929,,,,,192.84.120.29,employee_remote,computer
1660539995,,,,,89.213.143.218,employee_remote,mobile
1660539964,,,,,34.87.239.143,employee_remote,mobile
1660538690,,,,,4.238.148.144,contingent_office,computer
1660534875,,,,,119.208.61.187,contingent_remote,computer
1660535656,,,,,14.60.69.68,contingent_remote,mobile
1660531247,,,,,38.155.199.99,visitor_office,computer
1660529206,,,,,208.83.87.196,employee_office,computer
1660528510,,,,,184.241.91.42,employee_office,mobile
1660528748,,,,,200.163.48.163,employee_remote,computer
1660526706,,,,,175.1.33.45,employee_remote,mobile
1660523468,,,,,30.78.142.98,employee_remote,mobile
1660520489,,,,,48.88.40.219,contingent_office,computer
1660520917,,,,,222.98.163.218,contingent_remote,computer
1660518392,,,,,117.31.222.120,contingent_remote,mobile
1660515286,,,,,78.68.184.181,visitor_office,mobile
1660515207,,,,,244.1.36.205,employee_office,computer
1660511334,,,,,43.225.81.229,employee_office,mobile
1660510139,,,,,76.159.130.19,employee_remote,computer
1660509509,,,,,62.86.255.216,employee_remote,mobile
1660506357,,,,,191.174.160.131,employee_remote,mobile
1660503647,,,,,33.154.143.210,contingent_office,computer
1660502817,,,,,108.233.253.73,contingent_remote,computer
1660501540,,,,,222.236.9.152,contingent_remote,mobile
1660500776,,,,,116.223.136.228,visitor_office,computer
1660497042,,,,,7.191.57.24,employee_office,computer
1660496566,,,,,80.105.138.110,employee_office,mobile
1660493711,,,,,195.193.192.205,employee_remote,computer
1660494501,,,,,242.73.127.33,employee_remote,mobile
1660490090,,,,,36.68.36.19,employee_remote,mobile
1660489401,,,,,90.218.66.241,contingent_office,computer
1660486736,,,,,96.180.192.68,contingent_remote,computer
1660485437,,,,,162.178.36.106,contingent_remote,mobile
1660482107,,,,,148.108.180.220,visitor_office,mobile
1660480632,,,,,57.96.123.137,employee_office,computer
1660480841,,,,,252.127.193.67,employee_office,mobile
1660478926,,,,,64.196.174.193,employee_remote,computer
1660476628,,,,,216.157.23.26,employee_remote,mobile
1660475071,,,,,13.196.143.40,employee_remote,mobile
1660474402,,,,,116.104.92.189,contingent_office,computer
1660472805,,,,,175.147.147.52,contingent_remote,computer
1660470816,,,,,57.162.141.29,contingent_remote,mobile
1660466036,,,,,4.155.13.18,visitor_office,computer
1660466658,,,,,7.59.231.125,employee_office,computer
1660463799,,,,,62.160.176.83,employee_office,mobile
1660461261,,,,,213.49.18.15,employee_remote,computer
1660459662,,,,,36.239.104.222,employee_remote,mobile
1660458294,,,,,59.91.54.151,employee_remote,mobile
1660457151,,,,,243.230.139.25,contingent_office,computer
1660455845,,,,,182.77.86.88,contingent_remote,computer
1660451628,,,,,61.202.202.44,contingent_remote,mobile
1660453198,,,,,208.254.125.105,visitor_office,mobile
1660448039,,,,,75.198.24.79,employee_office,computer
1660446753,,,,,3.146.126.19,employee_office,mobile
1660445322,,,,,16.115.197.188,employee_remote,computer
1660442671,,,,,212.69.105.8,employee_remote,mobile
1660441552,,,,,118.237.50.198,employee_office,mobile
1660440477,,,,,181.119.148.87,employee_office,computer
1660437990,,,,,41.247.105.165,employee_remote,computer
1660436494,,,,,53.93.193.249,employee_remote,mobile
1660434825,,,,,230.140.242.28,employee_remote,computer
1660434877,,,,,46.148.82.116,contingent_office,computer
1660432335,,,,,65.53.18.168,contingent_remote,mobile
1660429979,,,,,11.83.167.141,contingent_remote,computer
1660429741,,,,,55.12.158.104,visitor_office,mobile
1660426091,,,,,129.152.222.73,employee_office,mobile
1660425934,,,,,222.34.44.72,employee_office,computer
1660421245,,,,,183.189.50.3,employee_remote,computer
1660419182,,,,,135.210.138.98,employee_remote,mobile
1660417463,,,,,156.138.65.1,employee_remote,mobile
1660418311,,,,,12.247.23.206,contingent_office,computer
1660415637,,,,,64.115.52.62,contingent_remote,mobile
1660412814,,,,,240.56.207.231,contingent_remote,computer
1660413388,,,,,15.34.68.14,visitor_office,mobile
1660409808,,,,,120.238.241.160,employee_office,mobile
1660408120,,,,,191.143.198.142,employee_office,computer
1660406756,,,,,0.180.201.12,employee_remote,computer
1660405096,,,,,153.152.109.119,employee_remote,mobile
1660403215,,,,,72.10.60.252,employee_remote,computer
1660399928,,,,,139.109.40.196,contingent_office,computer
1660399813,,,,,21.194.175.38,contingent_remote,mobile
1660396533,,,,,165.51.4.226,contingent_remote,computer
1660396430,,,,,75.189.120.66,visitor_office,mobile
1660392013,,,,,6.24.243.93,employee_office,mobile
1660393549,,,,,24.179.90.60,employee_office,computer
1660389367,,,,,219.211.75.253,employee_remote,computer
1660387386,,,,,17.61.154.160,employee_remote,mobile
1660386493,,,,,95.41.94.232,employee_remote,mobile
1660385535,,,,,249.53.97.181,contingent_office,computer
1660382477,,,,,102.219.43.149,contingent_remote,mobile
1660382368,,,,,186.184.40.65,contingent_remote,computer
1660379920,,,,,40.13.55.161,visitor_office,mobile
1660375905,,,,,107.178.244.49,employee_office,mobile
1660374913,,,,,216.159.92.12,employee_office,computer
1660374019,,,,,113.68.86.136,employee_remote,computer
1660372023,,,,,111.241.226.219,employee_remote,mobile
1660371189,,,,,193.225.176.170,employee_remote,computer
1660369640,,,,,187.44.1.72,contingent_office,computer
1660365353,,,,,141.81.231.41,contingent_remote,mobile
1660364174,,,,,28.23.185.244,contingent_remote,computer
1660361930,,,,,71.89.214.56,visitor_office,mobile
1660360963,,,,,250.209.31.83,employee_office,mobile
1660357856,,,,,174.54.132.144,employee_office,computer
1660356048,,,,,2.246.86.85,employee_remote,computer
1660354652,,,,,16.111.16.9,employee_remote,mobile
1660352433,,,,,9.95.200.208,employee_remote,mobile
1660353168,,,,,90.197.27.218,contingent_office,computer
1660351491,,,,,117.175.11.113,contingent_remote,mobile
1660347433,,,,,28.119.206.178,contingent_remote,computer
1660345619,,,,,16.213.218.249,visitor_office,mobile
1660345758,,,,,250.218.35.225,employee_office,mobile
1660344830,,,,,209.164.245.159,employee_office,computer
1660342949,,,,,172.184.66.85,employee_remote,computer
1660341573,,,,,150.97.129.30,employee_remote,mobile
1660339596,,,,,48.100.71.65,employee_remote,computer
1660334975,,,,,29.230.16.126,contingent_office,computer
1660333781,,,,,153.16.91.19,contingent_remote,mobile
1660331589,,,,,154.21.102.22,contingent_remote,computer
1660331518,,,,,29.70.231.242,visitor_office,mobile
1660329643,,,,,182.170.71.146,employee_office,mobile
1660327095,,,,,113.94.228.19,employee_office,computer
1660324489,,,,,167.81.242.250,employee_remote,computer
1660324157,,,,,33.137.174.36,employee_remote,mobile
1660322133,,,,,60.87.53.193,employee_remote,mobile
1660320143,,,,,181.6.109.170,contingent_office,computer
1660318399,,,,,185.139.129.164,contingent_remote,mobile
1660315570,,,,,155.163.11.62,contingent_remote,computer
1660316051,,,,,89.41.133.176,visitor_office,mobile
1660313337,,,,,58.196.61.125,employee_office,mobile
1660312380,,,,,192.69.211.129,employee_office,computer
1660307436,,,,,180.47.196.193,employee_remote,computer
1660307836,,,,,17.54.193.122,employee_remote,mobile
1660306111,,,,,141.241.222.144,employee_remote,computer
1660304812,,,,,162.76.122.227,contingent_office,computer
1660300960,,,,,50.241.117.95,contingent_remote,mobile
1660299881,,,,,30.141.10.63,contingent_remote,computer
1660298732,,,,,106.146.213.162,visitor_office,mobile
1660295588,,,,,178.51.5.217,employee_office,mobile
1660293707,,,,,19.113.53.209,employee_office,computer
1660292701,,,,,31.252.244.67,employee_remote,computer
1660292993,,,,,209.122.132.166,employee_remote,mobile
1660288265,,,,,142.149.6.214,employee_remote,mobile
1660286038,,,,,70.66.57.250,contingent_office,computer
1660286282,,,,,94.242.153.80,contingent_remote,mobile
1660283297,,,,,133.242.182.36,contingent_remote,computer
1660280888,,,,,39.79.248.221,visitor_office,mobile
1660281286,,,,,166.21.195.117,employee_office,mobile
1660277205,,,,,216.228.210.123,employee_office,computer
1660278353,,,,,103.229.81.121,employee_remote,computer
1660276059,,,,,35.82.165.118,employee_remote,mobile
1660273434,,,,,167.80.220.88,employee_remote,computer
1660270974,,,,,176.3.53.237,contingent_office,computer
1660269663,,,,,212.118.30.17,contingent_remote,mobile
1660266537,,,,,87.73.254.232,contingent_remote,computer
1660266893,,,,,61.158.165.179,visitor_office,mobile
1660265420,,,,,42.245.15.45,employee_office,mobile
1660262689,,,,,198.3.34.88,employee_office,computer
1660260924,,,,,127.20.181.81,employee_remote,computer
1660259974,,,,,202.179.251.205,employee_remote,mobile
1660256687,,,,,55.42.230.1,employee_remote,mobile
1660254274,,,,,37.173.108.171,contingent_office,computer
1660254873,,,,,150.39.99.88,contingent_remote,mobile
1660249866,,,,,53.25.189.77,contingent_remote,computer
1660250079,,,,,221.179.192.48,visitor_office,mobile
1660246638,,,,,145.181.112.50,employee_office,mobile
1660245873,,,,,27.74.56.203,employee_office,computer
1660243304,,,,,112.60.106.56,employee_remote,computer
1660243686,,,,,83.204.31.130,employee_remote,mobile
1660242066,,,,,128.216.172.159,employee_remote,computer
1660239344,,,,,141.210.169.139,contingent_office,computer
1660235506,,,,,76.219.132.68,contingent_remote,mobile
1660236256,,,,,131.132.28.233,contingent_remote,computer
1660232184,,,,,208.144.147.139,visitor_office,mobile
1660233183,,,,,155.136.42.10,employee_office,mobile
1660229678,,,,,208.112.113.85,employee_office,computer
1660229578,,,,,135.60.100.154,employee_remote,computer
1660225655,,,,,24.180.239.84,employee_remote,mobile
1660224314,,,,,127.192.141.214,employee_remote,mobile
1660221599,,,,,125.251.123.245,contingent_office,computer
1660219580,,,,,159.132.46.220,contingent_remote,mobile
1660218871,,,,,11.111.214.194,contingent_remote,computer
1660217413,,,,,151.164.33.171,visitor_office,mobile
1660215669,,,,,153.20.83.209,employee_office,mobile
1660213104,,,,,242.95.192.193,employee_office,computer
1660213185,,,,,83.179.171.28,employee_remote,computer
1660209150,,,,,137.109.180.107,employee_remote,mobile
1660208786,,,,,41.108.124.177,employee_remote,computer
1660206851,,,,,177.171.75.197,contingent_office,computer
1660203082,,,,,91.60.69.218,contingent_remote,mobile
1660203490,,,,,98.2.181.75,contingent_remote,computer
1660202073,,,,,80.227.206.191,visitor_office,mobile
1660199311,,,,,214.40.38.237,employee_office,mobile
1660197255,,,,,218.18.95.179,employee_office,computer
1660196740,,,,,41.202.180.7,employee_remote,computer
1660195433,,,,,139.29.104.44,employee_remote,mobile
1660193197,,,,,106.92.136.236,employee_remote,mobile
1660191202,,,,,236.176.234.5,contingent_office,computer